ISO-10303-21;
HEADER;
/* Generated by software containing ST-Developer
 * from STEP Tools, Inc. (www.steptools.com) 
 */
/* OPTION: using custom renumber hook */

FILE_DESCRIPTION(
/* description */ ('STEP AP242 Edition 2',
'CAx-IF Rec.Pracs.---Representation and Presentation of Product Manufa
cturing Information (PMI)---4.0---2014-10-13',
'CAx-IF Rec.Pracs.---3D Tessellated Geometry---0.4---2014-09-14','2;1',
'CAx-IF Rec.Pracs.---User Defined Attributes---1.5---2016-08-15'),
/* implementation_level */ '2;1');

FILE_NAME(
/* name */ 'v2 - Part 11',
/* time_stamp */ '2026-07-31T04:38:12Z',
/* author */ (''),
/* organization */ (''),
/* preprocessor_version */ 'ST-DEVELOPER v20',
/* originating_system */ 'ONSHAPE BY PTC INC, 1.218',
/* authorisation */ '  ');

FILE_SCHEMA (('AP242_MANAGED_MODEL_BASED_3D_ENGINEERING_MIM_LF { 1 0 10303 442 3 1 4 }'));
ENDSEC;

DATA;
#10=SHAPE_REPRESENTATION_RELATIONSHIP('','',#1667,#11);
#11=ADVANCED_BREP_SHAPE_REPRESENTATION('',(#1665),#2593);
#12=ORIENTED_EDGE('',*,*,#468,.F.);
#13=ORIENTED_EDGE('',*,*,#469,.T.);
#14=ORIENTED_EDGE('',*,*,#470,.T.);
#15=ORIENTED_EDGE('',*,*,#471,.T.);
#16=ORIENTED_EDGE('',*,*,#472,.T.);
#17=ORIENTED_EDGE('',*,*,#473,.T.);
#18=ORIENTED_EDGE('',*,*,#474,.F.);
#19=ORIENTED_EDGE('',*,*,#475,.T.);
#20=ORIENTED_EDGE('',*,*,#476,.T.);
#21=ORIENTED_EDGE('',*,*,#477,.T.);
#22=ORIENTED_EDGE('',*,*,#478,.F.);
#23=ORIENTED_EDGE('',*,*,#479,.F.);
#24=ORIENTED_EDGE('',*,*,#480,.T.);
#25=ORIENTED_EDGE('',*,*,#481,.T.);
#26=ORIENTED_EDGE('',*,*,#482,.T.);
#27=ORIENTED_EDGE('',*,*,#483,.F.);
#28=ORIENTED_EDGE('',*,*,#484,.T.);
#29=ORIENTED_EDGE('',*,*,#485,.F.);
#30=ORIENTED_EDGE('',*,*,#486,.F.);
#31=ORIENTED_EDGE('',*,*,#487,.F.);
#32=ORIENTED_EDGE('',*,*,#488,.T.);
#33=ORIENTED_EDGE('',*,*,#489,.F.);
#34=ORIENTED_EDGE('',*,*,#490,.F.);
#35=ORIENTED_EDGE('',*,*,#491,.T.);
#36=ORIENTED_EDGE('',*,*,#492,.T.);
#37=ORIENTED_EDGE('',*,*,#493,.F.);
#38=ORIENTED_EDGE('',*,*,#494,.F.);
#39=ORIENTED_EDGE('',*,*,#495,.T.);
#40=ORIENTED_EDGE('',*,*,#496,.T.);
#41=ORIENTED_EDGE('',*,*,#497,.F.);
#42=ORIENTED_EDGE('',*,*,#498,.F.);
#43=ORIENTED_EDGE('',*,*,#499,.T.);
#44=ORIENTED_EDGE('',*,*,#500,.T.);
#45=ORIENTED_EDGE('',*,*,#501,.T.);
#46=ORIENTED_EDGE('',*,*,#502,.F.);
#47=ORIENTED_EDGE('',*,*,#503,.T.);
#48=ORIENTED_EDGE('',*,*,#504,.T.);
#49=ORIENTED_EDGE('',*,*,#505,.T.);
#50=ORIENTED_EDGE('',*,*,#506,.T.);
#51=ORIENTED_EDGE('',*,*,#507,.T.);
#52=ORIENTED_EDGE('',*,*,#508,.T.);
#53=ORIENTED_EDGE('',*,*,#509,.T.);
#54=ORIENTED_EDGE('',*,*,#510,.T.);
#55=ORIENTED_EDGE('',*,*,#511,.F.);
#56=ORIENTED_EDGE('',*,*,#512,.T.);
#57=ORIENTED_EDGE('',*,*,#513,.T.);
#58=ORIENTED_EDGE('',*,*,#514,.T.);
#59=ORIENTED_EDGE('',*,*,#515,.F.);
#60=ORIENTED_EDGE('',*,*,#516,.T.);
#61=ORIENTED_EDGE('',*,*,#517,.T.);
#62=ORIENTED_EDGE('',*,*,#518,.T.);
#63=ORIENTED_EDGE('',*,*,#519,.F.);
#64=ORIENTED_EDGE('',*,*,#520,.T.);
#65=ORIENTED_EDGE('',*,*,#521,.T.);
#66=ORIENTED_EDGE('',*,*,#522,.T.);
#67=ORIENTED_EDGE('',*,*,#523,.F.);
#68=ORIENTED_EDGE('',*,*,#524,.T.);
#69=ORIENTED_EDGE('',*,*,#525,.T.);
#70=ORIENTED_EDGE('',*,*,#526,.T.);
#71=ORIENTED_EDGE('',*,*,#527,.F.);
#72=ORIENTED_EDGE('',*,*,#528,.T.);
#73=ORIENTED_EDGE('',*,*,#529,.T.);
#74=ORIENTED_EDGE('',*,*,#530,.T.);
#75=ORIENTED_EDGE('',*,*,#531,.F.);
#76=ORIENTED_EDGE('',*,*,#532,.T.);
#77=ORIENTED_EDGE('',*,*,#533,.T.);
#78=ORIENTED_EDGE('',*,*,#534,.T.);
#79=ORIENTED_EDGE('',*,*,#535,.F.);
#80=ORIENTED_EDGE('',*,*,#536,.T.);
#81=ORIENTED_EDGE('',*,*,#537,.T.);
#82=ORIENTED_EDGE('',*,*,#538,.T.);
#83=ORIENTED_EDGE('',*,*,#539,.F.);
#84=ORIENTED_EDGE('',*,*,#540,.T.);
#85=ORIENTED_EDGE('',*,*,#541,.T.);
#86=ORIENTED_EDGE('',*,*,#542,.T.);
#87=ORIENTED_EDGE('',*,*,#543,.F.);
#88=ORIENTED_EDGE('',*,*,#544,.T.);
#89=ORIENTED_EDGE('',*,*,#545,.T.);
#90=ORIENTED_EDGE('',*,*,#546,.F.);
#91=ORIENTED_EDGE('',*,*,#547,.T.);
#92=ORIENTED_EDGE('',*,*,#548,.T.);
#93=ORIENTED_EDGE('',*,*,#549,.T.);
#94=ORIENTED_EDGE('',*,*,#550,.F.);
#95=ORIENTED_EDGE('',*,*,#551,.T.);
#96=ORIENTED_EDGE('',*,*,#552,.T.);
#97=ORIENTED_EDGE('',*,*,#553,.T.);
#98=ORIENTED_EDGE('',*,*,#554,.F.);
#99=ORIENTED_EDGE('',*,*,#555,.T.);
#100=ORIENTED_EDGE('',*,*,#556,.T.);
#101=ORIENTED_EDGE('',*,*,#557,.T.);
#102=ORIENTED_EDGE('',*,*,#558,.F.);
#103=ORIENTED_EDGE('',*,*,#559,.T.);
#104=ORIENTED_EDGE('',*,*,#560,.T.);
#105=ORIENTED_EDGE('',*,*,#561,.T.);
#106=ORIENTED_EDGE('',*,*,#562,.T.);
#107=ORIENTED_EDGE('',*,*,#563,.T.);
#108=ORIENTED_EDGE('',*,*,#564,.F.);
#109=ORIENTED_EDGE('',*,*,#565,.T.);
#110=ORIENTED_EDGE('',*,*,#566,.F.);
#111=ORIENTED_EDGE('',*,*,#567,.F.);
#112=ORIENTED_EDGE('',*,*,#568,.F.);
#113=ORIENTED_EDGE('',*,*,#569,.T.);
#114=ORIENTED_EDGE('',*,*,#570,.T.);
#115=ORIENTED_EDGE('',*,*,#571,.F.);
#116=ORIENTED_EDGE('',*,*,#572,.F.);
#117=ORIENTED_EDGE('',*,*,#573,.T.);
#118=ORIENTED_EDGE('',*,*,#574,.T.);
#119=ORIENTED_EDGE('',*,*,#575,.F.);
#120=ORIENTED_EDGE('',*,*,#576,.F.);
#121=ORIENTED_EDGE('',*,*,#577,.T.);
#122=ORIENTED_EDGE('',*,*,#578,.T.);
#123=ORIENTED_EDGE('',*,*,#579,.F.);
#124=ORIENTED_EDGE('',*,*,#580,.T.);
#125=ORIENTED_EDGE('',*,*,#581,.T.);
#126=ORIENTED_EDGE('',*,*,#582,.T.);
#127=ORIENTED_EDGE('',*,*,#583,.F.);
#128=ORIENTED_EDGE('',*,*,#584,.T.);
#129=ORIENTED_EDGE('',*,*,#585,.F.);
#130=ORIENTED_EDGE('',*,*,#586,.F.);
#131=ORIENTED_EDGE('',*,*,#587,.F.);
#132=ORIENTED_EDGE('',*,*,#588,.T.);
#133=ORIENTED_EDGE('',*,*,#589,.T.);
#134=ORIENTED_EDGE('',*,*,#590,.F.);
#135=ORIENTED_EDGE('',*,*,#591,.F.);
#136=ORIENTED_EDGE('',*,*,#592,.F.);
#137=ORIENTED_EDGE('',*,*,#593,.T.);
#138=ORIENTED_EDGE('',*,*,#594,.F.);
#139=ORIENTED_EDGE('',*,*,#595,.F.);
#140=ORIENTED_EDGE('',*,*,#596,.F.);
#141=ORIENTED_EDGE('',*,*,#597,.T.);
#142=ORIENTED_EDGE('',*,*,#598,.F.);
#143=ORIENTED_EDGE('',*,*,#599,.F.);
#144=ORIENTED_EDGE('',*,*,#600,.T.);
#145=ORIENTED_EDGE('',*,*,#601,.T.);
#146=ORIENTED_EDGE('',*,*,#602,.F.);
#147=ORIENTED_EDGE('',*,*,#603,.T.);
#148=ORIENTED_EDGE('',*,*,#604,.T.);
#149=ORIENTED_EDGE('',*,*,#605,.T.);
#150=ORIENTED_EDGE('',*,*,#606,.F.);
#151=ORIENTED_EDGE('',*,*,#607,.T.);
#152=ORIENTED_EDGE('',*,*,#608,.T.);
#153=ORIENTED_EDGE('',*,*,#609,.T.);
#154=ORIENTED_EDGE('',*,*,#610,.F.);
#155=ORIENTED_EDGE('',*,*,#611,.T.);
#156=ORIENTED_EDGE('',*,*,#612,.T.);
#157=ORIENTED_EDGE('',*,*,#613,.T.);
#158=ORIENTED_EDGE('',*,*,#614,.F.);
#159=ORIENTED_EDGE('',*,*,#615,.T.);
#160=ORIENTED_EDGE('',*,*,#616,.T.);
#161=ORIENTED_EDGE('',*,*,#617,.T.);
#162=ORIENTED_EDGE('',*,*,#618,.F.);
#163=ORIENTED_EDGE('',*,*,#619,.T.);
#164=ORIENTED_EDGE('',*,*,#620,.F.);
#165=ORIENTED_EDGE('',*,*,#485,.T.);
#166=ORIENTED_EDGE('',*,*,#621,.F.);
#167=ORIENTED_EDGE('',*,*,#582,.F.);
#168=ORIENTED_EDGE('',*,*,#622,.F.);
#169=ORIENTED_EDGE('',*,*,#476,.F.);
#170=ORIENTED_EDGE('',*,*,#623,.F.);
#171=ORIENTED_EDGE('',*,*,#591,.T.);
#172=ORIENTED_EDGE('',*,*,#480,.F.);
#173=ORIENTED_EDGE('',*,*,#624,.T.);
#174=ORIENTED_EDGE('',*,*,#587,.T.);
#175=ORIENTED_EDGE('',*,*,#625,.F.);
#176=ORIENTED_EDGE('',*,*,#626,.F.);
#177=ORIENTED_EDGE('',*,*,#490,.T.);
#178=ORIENTED_EDGE('',*,*,#627,.T.);
#179=ORIENTED_EDGE('',*,*,#577,.F.);
#180=ORIENTED_EDGE('',*,*,#494,.T.);
#181=ORIENTED_EDGE('',*,*,#628,.T.);
#182=ORIENTED_EDGE('',*,*,#573,.F.);
#183=ORIENTED_EDGE('',*,*,#629,.F.);
#184=ORIENTED_EDGE('',*,*,#630,.F.);
#185=ORIENTED_EDGE('',*,*,#598,.T.);
#186=ORIENTED_EDGE('',*,*,#631,.T.);
#187=ORIENTED_EDGE('',*,*,#469,.F.);
#188=ORIENTED_EDGE('',*,*,#632,.F.);
#189=ORIENTED_EDGE('',*,*,#501,.F.);
#190=ORIENTED_EDGE('',*,*,#633,.T.);
#191=ORIENTED_EDGE('',*,*,#566,.T.);
#192=ORIENTED_EDGE('',*,*,#473,.F.);
#193=ORIENTED_EDGE('',*,*,#634,.T.);
#194=ORIENTED_EDGE('',*,*,#594,.T.);
#195=ORIENTED_EDGE('',*,*,#635,.F.);
#196=ORIENTED_EDGE('',*,*,#484,.F.);
#197=ORIENTED_EDGE('',*,*,#636,.T.);
#198=ORIENTED_EDGE('',*,*,#583,.T.);
#199=ORIENTED_EDGE('',*,*,#621,.T.);
#200=ORIENTED_EDGE('',*,*,#498,.T.);
#201=ORIENTED_EDGE('',*,*,#637,.T.);
#202=ORIENTED_EDGE('',*,*,#569,.F.);
#203=ORIENTED_EDGE('',*,*,#638,.F.);
#204=ORIENTED_EDGE('',*,*,#489,.T.);
#205=ORIENTED_EDGE('',*,*,#639,.T.);
#206=ORIENTED_EDGE('',*,*,#578,.F.);
#207=ORIENTED_EDGE('',*,*,#627,.F.);
#208=ORIENTED_EDGE('',*,*,#640,.T.);
#209=ORIENTED_EDGE('',*,*,#595,.T.);
#210=ORIENTED_EDGE('',*,*,#634,.F.);
#211=ORIENTED_EDGE('',*,*,#472,.F.);
#212=ORIENTED_EDGE('',*,*,#631,.F.);
#213=ORIENTED_EDGE('',*,*,#597,.F.);
#214=ORIENTED_EDGE('',*,*,#641,.T.);
#215=ORIENTED_EDGE('',*,*,#470,.F.);
#216=ORIENTED_EDGE('',*,*,#641,.F.);
#217=ORIENTED_EDGE('',*,*,#596,.T.);
#218=ORIENTED_EDGE('',*,*,#640,.F.);
#219=ORIENTED_EDGE('',*,*,#471,.F.);
#220=ORIENTED_EDGE('',*,*,#468,.T.);
#221=ORIENTED_EDGE('',*,*,#642,.F.);
#222=ORIENTED_EDGE('',*,*,#599,.T.);
#223=ORIENTED_EDGE('',*,*,#630,.T.);
#224=ORIENTED_EDGE('',*,*,#502,.T.);
#225=ORIENTED_EDGE('',*,*,#632,.T.);
#226=ORIENTED_EDGE('',*,*,#565,.F.);
#227=ORIENTED_EDGE('',*,*,#643,.F.);
#228=ORIENTED_EDGE('',*,*,#643,.T.);
#229=ORIENTED_EDGE('',*,*,#564,.T.);
#230=ORIENTED_EDGE('',*,*,#642,.T.);
#231=ORIENTED_EDGE('',*,*,#503,.F.);
#232=ORIENTED_EDGE('',*,*,#644,.T.);
#233=ORIENTED_EDGE('',*,*,#567,.T.);
#234=ORIENTED_EDGE('',*,*,#633,.F.);
#235=ORIENTED_EDGE('',*,*,#500,.F.);
#236=ORIENTED_EDGE('',*,*,#638,.T.);
#237=ORIENTED_EDGE('',*,*,#568,.T.);
#238=ORIENTED_EDGE('',*,*,#644,.F.);
#239=ORIENTED_EDGE('',*,*,#499,.F.);
#240=ORIENTED_EDGE('',*,*,#623,.T.);
#241=ORIENTED_EDGE('',*,*,#475,.F.);
#242=ORIENTED_EDGE('',*,*,#645,.T.);
#243=ORIENTED_EDGE('',*,*,#592,.T.);
#244=ORIENTED_EDGE('',*,*,#474,.T.);
#245=ORIENTED_EDGE('',*,*,#635,.T.);
#246=ORIENTED_EDGE('',*,*,#593,.F.);
#247=ORIENTED_EDGE('',*,*,#645,.F.);
#248=ORIENTED_EDGE('',*,*,#570,.F.);
#249=ORIENTED_EDGE('',*,*,#637,.F.);
#250=ORIENTED_EDGE('',*,*,#497,.T.);
#251=ORIENTED_EDGE('',*,*,#646,.T.);
#252=ORIENTED_EDGE('',*,*,#571,.T.);
#253=ORIENTED_EDGE('',*,*,#646,.F.);
#254=ORIENTED_EDGE('',*,*,#496,.F.);
#255=ORIENTED_EDGE('',*,*,#647,.T.);
#256=ORIENTED_EDGE('',*,*,#572,.T.);
#257=ORIENTED_EDGE('',*,*,#647,.F.);
#258=ORIENTED_EDGE('',*,*,#495,.F.);
#259=ORIENTED_EDGE('',*,*,#629,.T.);
#260=ORIENTED_EDGE('',*,*,#574,.F.);
#261=ORIENTED_EDGE('',*,*,#628,.F.);
#262=ORIENTED_EDGE('',*,*,#493,.T.);
#263=ORIENTED_EDGE('',*,*,#648,.T.);
#264=ORIENTED_EDGE('',*,*,#575,.T.);
#265=ORIENTED_EDGE('',*,*,#648,.F.);
#266=ORIENTED_EDGE('',*,*,#492,.F.);
#267=ORIENTED_EDGE('',*,*,#649,.T.);
#268=ORIENTED_EDGE('',*,*,#576,.T.);
#269=ORIENTED_EDGE('',*,*,#649,.F.);
#270=ORIENTED_EDGE('',*,*,#491,.F.);
#271=ORIENTED_EDGE('',*,*,#626,.T.);
#272=ORIENTED_EDGE('',*,*,#584,.F.);
#273=ORIENTED_EDGE('',*,*,#636,.F.);
#274=ORIENTED_EDGE('',*,*,#483,.T.);
#275=ORIENTED_EDGE('',*,*,#650,.T.);
#276=ORIENTED_EDGE('',*,*,#585,.T.);
#277=ORIENTED_EDGE('',*,*,#650,.F.);
#278=ORIENTED_EDGE('',*,*,#482,.F.);
#279=ORIENTED_EDGE('',*,*,#651,.T.);
#280=ORIENTED_EDGE('',*,*,#586,.T.);
#281=ORIENTED_EDGE('',*,*,#651,.F.);
#282=ORIENTED_EDGE('',*,*,#481,.F.);
#283=ORIENTED_EDGE('',*,*,#625,.T.);
#284=ORIENTED_EDGE('',*,*,#588,.F.);
#285=ORIENTED_EDGE('',*,*,#624,.F.);
#286=ORIENTED_EDGE('',*,*,#479,.T.);
#287=ORIENTED_EDGE('',*,*,#652,.T.);
#288=ORIENTED_EDGE('',*,*,#589,.F.);
#289=ORIENTED_EDGE('',*,*,#652,.F.);
#290=ORIENTED_EDGE('',*,*,#478,.T.);
#291=ORIENTED_EDGE('',*,*,#653,.T.);
#292=ORIENTED_EDGE('',*,*,#590,.T.);
#293=ORIENTED_EDGE('',*,*,#653,.F.);
#294=ORIENTED_EDGE('',*,*,#477,.F.);
#295=ORIENTED_EDGE('',*,*,#622,.T.);
#296=ORIENTED_EDGE('',*,*,#579,.T.);
#297=ORIENTED_EDGE('',*,*,#639,.F.);
#298=ORIENTED_EDGE('',*,*,#488,.F.);
#299=ORIENTED_EDGE('',*,*,#654,.T.);
#300=ORIENTED_EDGE('',*,*,#580,.F.);
#301=ORIENTED_EDGE('',*,*,#654,.F.);
#302=ORIENTED_EDGE('',*,*,#487,.T.);
#303=ORIENTED_EDGE('',*,*,#655,.T.);
#304=ORIENTED_EDGE('',*,*,#581,.F.);
#305=ORIENTED_EDGE('',*,*,#655,.F.);
#306=ORIENTED_EDGE('',*,*,#486,.T.);
#307=ORIENTED_EDGE('',*,*,#620,.T.);
#308=ORIENTED_EDGE('',*,*,#656,.T.);
#309=ORIENTED_EDGE('',*,*,#560,.F.);
#310=ORIENTED_EDGE('',*,*,#657,.F.);
#311=ORIENTED_EDGE('',*,*,#505,.F.);
#312=ORIENTED_EDGE('',*,*,#657,.T.);
#313=ORIENTED_EDGE('',*,*,#563,.F.);
#314=ORIENTED_EDGE('',*,*,#658,.F.);
#315=ORIENTED_EDGE('',*,*,#506,.F.);
#316=ORIENTED_EDGE('',*,*,#658,.T.);
#317=ORIENTED_EDGE('',*,*,#562,.F.);
#318=ORIENTED_EDGE('',*,*,#659,.F.);
#319=ORIENTED_EDGE('',*,*,#507,.F.);
#320=ORIENTED_EDGE('',*,*,#659,.T.);
#321=ORIENTED_EDGE('',*,*,#561,.F.);
#322=ORIENTED_EDGE('',*,*,#656,.F.);
#323=ORIENTED_EDGE('',*,*,#504,.F.);
#324=ORIENTED_EDGE('',*,*,#660,.T.);
#325=ORIENTED_EDGE('',*,*,#600,.F.);
#326=ORIENTED_EDGE('',*,*,#661,.F.);
#327=ORIENTED_EDGE('',*,*,#509,.F.);
#328=ORIENTED_EDGE('',*,*,#662,.T.);
#329=ORIENTED_EDGE('',*,*,#601,.F.);
#330=ORIENTED_EDGE('',*,*,#660,.F.);
#331=ORIENTED_EDGE('',*,*,#508,.F.);
#332=ORIENTED_EDGE('',*,*,#661,.T.);
#333=ORIENTED_EDGE('',*,*,#603,.F.);
#334=ORIENTED_EDGE('',*,*,#663,.F.);
#335=ORIENTED_EDGE('',*,*,#510,.F.);
#336=ORIENTED_EDGE('',*,*,#511,.T.);
#337=ORIENTED_EDGE('',*,*,#663,.T.);
#338=ORIENTED_EDGE('',*,*,#602,.T.);
#339=ORIENTED_EDGE('',*,*,#662,.F.);
#340=ORIENTED_EDGE('',*,*,#664,.T.);
#341=ORIENTED_EDGE('',*,*,#556,.F.);
#342=ORIENTED_EDGE('',*,*,#665,.F.);
#343=ORIENTED_EDGE('',*,*,#513,.F.);
#344=ORIENTED_EDGE('',*,*,#666,.T.);
#345=ORIENTED_EDGE('',*,*,#557,.F.);
#346=ORIENTED_EDGE('',*,*,#664,.F.);
#347=ORIENTED_EDGE('',*,*,#512,.F.);
#348=ORIENTED_EDGE('',*,*,#665,.T.);
#349=ORIENTED_EDGE('',*,*,#559,.F.);
#350=ORIENTED_EDGE('',*,*,#667,.F.);
#351=ORIENTED_EDGE('',*,*,#514,.F.);
#352=ORIENTED_EDGE('',*,*,#515,.T.);
#353=ORIENTED_EDGE('',*,*,#667,.T.);
#354=ORIENTED_EDGE('',*,*,#558,.T.);
#355=ORIENTED_EDGE('',*,*,#666,.F.);
#356=ORIENTED_EDGE('',*,*,#668,.T.);
#357=ORIENTED_EDGE('',*,*,#604,.F.);
#358=ORIENTED_EDGE('',*,*,#669,.F.);
#359=ORIENTED_EDGE('',*,*,#517,.F.);
#360=ORIENTED_EDGE('',*,*,#670,.T.);
#361=ORIENTED_EDGE('',*,*,#605,.F.);
#362=ORIENTED_EDGE('',*,*,#668,.F.);
#363=ORIENTED_EDGE('',*,*,#516,.F.);
#364=ORIENTED_EDGE('',*,*,#669,.T.);
#365=ORIENTED_EDGE('',*,*,#607,.F.);
#366=ORIENTED_EDGE('',*,*,#671,.F.);
#367=ORIENTED_EDGE('',*,*,#518,.F.);
#368=ORIENTED_EDGE('',*,*,#519,.T.);
#369=ORIENTED_EDGE('',*,*,#671,.T.);
#370=ORIENTED_EDGE('',*,*,#606,.T.);
#371=ORIENTED_EDGE('',*,*,#670,.F.);
#372=ORIENTED_EDGE('',*,*,#672,.T.);
#373=ORIENTED_EDGE('',*,*,#552,.F.);
#374=ORIENTED_EDGE('',*,*,#673,.F.);
#375=ORIENTED_EDGE('',*,*,#521,.F.);
#376=ORIENTED_EDGE('',*,*,#674,.T.);
#377=ORIENTED_EDGE('',*,*,#553,.F.);
#378=ORIENTED_EDGE('',*,*,#672,.F.);
#379=ORIENTED_EDGE('',*,*,#520,.F.);
#380=ORIENTED_EDGE('',*,*,#673,.T.);
#381=ORIENTED_EDGE('',*,*,#555,.F.);
#382=ORIENTED_EDGE('',*,*,#675,.F.);
#383=ORIENTED_EDGE('',*,*,#522,.F.);
#384=ORIENTED_EDGE('',*,*,#523,.T.);
#385=ORIENTED_EDGE('',*,*,#675,.T.);
#386=ORIENTED_EDGE('',*,*,#554,.T.);
#387=ORIENTED_EDGE('',*,*,#674,.F.);
#388=ORIENTED_EDGE('',*,*,#676,.T.);
#389=ORIENTED_EDGE('',*,*,#608,.F.);
#390=ORIENTED_EDGE('',*,*,#677,.F.);
#391=ORIENTED_EDGE('',*,*,#525,.F.);
#392=ORIENTED_EDGE('',*,*,#678,.T.);
#393=ORIENTED_EDGE('',*,*,#609,.F.);
#394=ORIENTED_EDGE('',*,*,#676,.F.);
#395=ORIENTED_EDGE('',*,*,#524,.F.);
#396=ORIENTED_EDGE('',*,*,#677,.T.);
#397=ORIENTED_EDGE('',*,*,#611,.F.);
#398=ORIENTED_EDGE('',*,*,#679,.F.);
#399=ORIENTED_EDGE('',*,*,#526,.F.);
#400=ORIENTED_EDGE('',*,*,#527,.T.);
#401=ORIENTED_EDGE('',*,*,#679,.T.);
#402=ORIENTED_EDGE('',*,*,#610,.T.);
#403=ORIENTED_EDGE('',*,*,#678,.F.);
#404=ORIENTED_EDGE('',*,*,#680,.T.);
#405=ORIENTED_EDGE('',*,*,#548,.F.);
#406=ORIENTED_EDGE('',*,*,#681,.F.);
#407=ORIENTED_EDGE('',*,*,#529,.F.);
#408=ORIENTED_EDGE('',*,*,#682,.T.);
#409=ORIENTED_EDGE('',*,*,#549,.F.);
#410=ORIENTED_EDGE('',*,*,#680,.F.);
#411=ORIENTED_EDGE('',*,*,#528,.F.);
#412=ORIENTED_EDGE('',*,*,#681,.T.);
#413=ORIENTED_EDGE('',*,*,#551,.F.);
#414=ORIENTED_EDGE('',*,*,#683,.F.);
#415=ORIENTED_EDGE('',*,*,#530,.F.);
#416=ORIENTED_EDGE('',*,*,#531,.T.);
#417=ORIENTED_EDGE('',*,*,#683,.T.);
#418=ORIENTED_EDGE('',*,*,#550,.T.);
#419=ORIENTED_EDGE('',*,*,#682,.F.);
#420=ORIENTED_EDGE('',*,*,#684,.T.);
#421=ORIENTED_EDGE('',*,*,#612,.F.);
#422=ORIENTED_EDGE('',*,*,#685,.F.);
#423=ORIENTED_EDGE('',*,*,#533,.F.);
#424=ORIENTED_EDGE('',*,*,#686,.T.);
#425=ORIENTED_EDGE('',*,*,#613,.F.);
#426=ORIENTED_EDGE('',*,*,#684,.F.);
#427=ORIENTED_EDGE('',*,*,#532,.F.);
#428=ORIENTED_EDGE('',*,*,#685,.T.);
#429=ORIENTED_EDGE('',*,*,#615,.F.);
#430=ORIENTED_EDGE('',*,*,#687,.F.);
#431=ORIENTED_EDGE('',*,*,#534,.F.);
#432=ORIENTED_EDGE('',*,*,#535,.T.);
#433=ORIENTED_EDGE('',*,*,#687,.T.);
#434=ORIENTED_EDGE('',*,*,#614,.T.);
#435=ORIENTED_EDGE('',*,*,#686,.F.);
#436=ORIENTED_EDGE('',*,*,#688,.T.);
#437=ORIENTED_EDGE('',*,*,#544,.F.);
#438=ORIENTED_EDGE('',*,*,#689,.F.);
#439=ORIENTED_EDGE('',*,*,#537,.F.);
#440=ORIENTED_EDGE('',*,*,#690,.T.);
#441=ORIENTED_EDGE('',*,*,#545,.F.);
#442=ORIENTED_EDGE('',*,*,#688,.F.);
#443=ORIENTED_EDGE('',*,*,#536,.F.);
#444=ORIENTED_EDGE('',*,*,#689,.T.);
#445=ORIENTED_EDGE('',*,*,#547,.F.);
#446=ORIENTED_EDGE('',*,*,#691,.F.);
#447=ORIENTED_EDGE('',*,*,#538,.F.);
#448=ORIENTED_EDGE('',*,*,#539,.T.);
#449=ORIENTED_EDGE('',*,*,#691,.T.);
#450=ORIENTED_EDGE('',*,*,#546,.T.);
#451=ORIENTED_EDGE('',*,*,#690,.F.);
#452=ORIENTED_EDGE('',*,*,#692,.T.);
#453=ORIENTED_EDGE('',*,*,#616,.F.);
#454=ORIENTED_EDGE('',*,*,#693,.F.);
#455=ORIENTED_EDGE('',*,*,#541,.F.);
#456=ORIENTED_EDGE('',*,*,#693,.T.);
#457=ORIENTED_EDGE('',*,*,#619,.F.);
#458=ORIENTED_EDGE('',*,*,#694,.F.);
#459=ORIENTED_EDGE('',*,*,#542,.F.);
#460=ORIENTED_EDGE('',*,*,#543,.T.);
#461=ORIENTED_EDGE('',*,*,#694,.T.);
#462=ORIENTED_EDGE('',*,*,#618,.T.);
#463=ORIENTED_EDGE('',*,*,#695,.F.);
#464=ORIENTED_EDGE('',*,*,#695,.T.);
#465=ORIENTED_EDGE('',*,*,#617,.F.);
#466=ORIENTED_EDGE('',*,*,#692,.F.);
#467=ORIENTED_EDGE('',*,*,#540,.F.);
#468=EDGE_CURVE('',#696,#697,#848,.T.);
#469=EDGE_CURVE('',#696,#698,#849,.T.);
#470=EDGE_CURVE('',#698,#699,#850,.T.);
#471=EDGE_CURVE('',#699,#700,#851,.T.);
#472=EDGE_CURVE('',#700,#701,#852,.T.);
#473=EDGE_CURVE('',#701,#702,#853,.T.);
#474=EDGE_CURVE('',#703,#702,#854,.T.);
#475=EDGE_CURVE('',#703,#704,#855,.T.);
#476=EDGE_CURVE('',#704,#705,#856,.T.);
#477=EDGE_CURVE('',#705,#706,#857,.T.);
#478=EDGE_CURVE('',#707,#706,#858,.T.);
#479=EDGE_CURVE('',#708,#707,#859,.T.);
#480=EDGE_CURVE('',#708,#709,#860,.T.);
#481=EDGE_CURVE('',#709,#710,#861,.T.);
#482=EDGE_CURVE('',#710,#711,#862,.T.);
#483=EDGE_CURVE('',#712,#711,#863,.T.);
#484=EDGE_CURVE('',#712,#713,#864,.T.);
#485=EDGE_CURVE('',#714,#713,#865,.T.);
#486=EDGE_CURVE('',#715,#714,#866,.T.);
#487=EDGE_CURVE('',#716,#715,#867,.T.);
#488=EDGE_CURVE('',#716,#717,#868,.T.);
#489=EDGE_CURVE('',#718,#717,#869,.T.);
#490=EDGE_CURVE('',#719,#718,#870,.T.);
#491=EDGE_CURVE('',#719,#720,#871,.T.);
#492=EDGE_CURVE('',#720,#721,#872,.T.);
#493=EDGE_CURVE('',#722,#721,#873,.T.);
#494=EDGE_CURVE('',#723,#722,#874,.T.);
#495=EDGE_CURVE('',#723,#724,#875,.T.);
#496=EDGE_CURVE('',#724,#725,#876,.T.);
#497=EDGE_CURVE('',#726,#725,#877,.T.);
#498=EDGE_CURVE('',#727,#726,#878,.T.);
#499=EDGE_CURVE('',#727,#728,#879,.T.);
#500=EDGE_CURVE('',#728,#729,#880,.T.);
#501=EDGE_CURVE('',#729,#730,#881,.T.);
#502=EDGE_CURVE('',#731,#730,#882,.T.);
#503=EDGE_CURVE('',#731,#697,#883,.T.);
#504=EDGE_CURVE('',#732,#733,#884,.T.);
#505=EDGE_CURVE('',#733,#734,#885,.T.);
#506=EDGE_CURVE('',#734,#735,#886,.T.);
#507=EDGE_CURVE('',#735,#732,#887,.T.);
#508=EDGE_CURVE('',#736,#737,#888,.T.);
#509=EDGE_CURVE('',#737,#738,#889,.T.);
#510=EDGE_CURVE('',#738,#739,#890,.T.);
#511=EDGE_CURVE('',#736,#739,#891,.T.);
#512=EDGE_CURVE('',#740,#741,#892,.T.);
#513=EDGE_CURVE('',#741,#742,#893,.T.);
#514=EDGE_CURVE('',#742,#743,#894,.T.);
#515=EDGE_CURVE('',#740,#743,#895,.T.);
#516=EDGE_CURVE('',#744,#745,#896,.T.);
#517=EDGE_CURVE('',#745,#746,#897,.T.);
#518=EDGE_CURVE('',#746,#747,#898,.T.);
#519=EDGE_CURVE('',#744,#747,#899,.T.);
#520=EDGE_CURVE('',#748,#749,#900,.T.);
#521=EDGE_CURVE('',#749,#750,#901,.T.);
#522=EDGE_CURVE('',#750,#751,#902,.T.);
#523=EDGE_CURVE('',#748,#751,#903,.T.);
#524=EDGE_CURVE('',#752,#753,#904,.T.);
#525=EDGE_CURVE('',#753,#754,#905,.T.);
#526=EDGE_CURVE('',#754,#755,#906,.T.);
#527=EDGE_CURVE('',#752,#755,#907,.T.);
#528=EDGE_CURVE('',#756,#757,#908,.T.);
#529=EDGE_CURVE('',#757,#758,#909,.T.);
#530=EDGE_CURVE('',#758,#759,#910,.T.);
#531=EDGE_CURVE('',#756,#759,#911,.T.);
#532=EDGE_CURVE('',#760,#761,#912,.T.);
#533=EDGE_CURVE('',#761,#762,#913,.T.);
#534=EDGE_CURVE('',#762,#763,#914,.T.);
#535=EDGE_CURVE('',#760,#763,#915,.T.);
#536=EDGE_CURVE('',#764,#765,#916,.T.);
#537=EDGE_CURVE('',#765,#766,#917,.T.);
#538=EDGE_CURVE('',#766,#767,#918,.T.);
#539=EDGE_CURVE('',#764,#767,#919,.T.);
#540=EDGE_CURVE('',#768,#769,#920,.T.);
#541=EDGE_CURVE('',#769,#770,#921,.T.);
#542=EDGE_CURVE('',#770,#771,#922,.T.);
#543=EDGE_CURVE('',#768,#771,#923,.T.);
#544=EDGE_CURVE('',#772,#773,#924,.T.);
#545=EDGE_CURVE('',#773,#774,#925,.T.);
#546=EDGE_CURVE('',#775,#774,#926,.T.);
#547=EDGE_CURVE('',#775,#772,#927,.T.);
#548=EDGE_CURVE('',#776,#777,#928,.T.);
#549=EDGE_CURVE('',#777,#778,#929,.T.);
#550=EDGE_CURVE('',#779,#778,#930,.T.);
#551=EDGE_CURVE('',#779,#776,#931,.T.);
#552=EDGE_CURVE('',#780,#781,#932,.T.);
#553=EDGE_CURVE('',#781,#782,#933,.T.);
#554=EDGE_CURVE('',#783,#782,#934,.T.);
#555=EDGE_CURVE('',#783,#780,#935,.T.);
#556=EDGE_CURVE('',#784,#785,#936,.T.);
#557=EDGE_CURVE('',#785,#786,#937,.T.);
#558=EDGE_CURVE('',#787,#786,#938,.T.);
#559=EDGE_CURVE('',#787,#784,#939,.T.);
#560=EDGE_CURVE('',#788,#789,#940,.T.);
#561=EDGE_CURVE('',#789,#790,#941,.T.);
#562=EDGE_CURVE('',#790,#791,#942,.T.);
#563=EDGE_CURVE('',#791,#788,#943,.T.);
#564=EDGE_CURVE('',#792,#793,#944,.T.);
#565=EDGE_CURVE('',#792,#794,#945,.T.);
#566=EDGE_CURVE('',#795,#794,#946,.T.);
#567=EDGE_CURVE('',#796,#795,#947,.T.);
#568=EDGE_CURVE('',#797,#796,#948,.T.);
#569=EDGE_CURVE('',#797,#798,#949,.T.);
#570=EDGE_CURVE('',#798,#799,#950,.T.);
#571=EDGE_CURVE('',#800,#799,#951,.T.);
#572=EDGE_CURVE('',#801,#800,#952,.T.);
#573=EDGE_CURVE('',#801,#802,#953,.T.);
#574=EDGE_CURVE('',#802,#803,#954,.T.);
#575=EDGE_CURVE('',#804,#803,#955,.T.);
#576=EDGE_CURVE('',#805,#804,#956,.T.);
#577=EDGE_CURVE('',#805,#806,#957,.T.);
#578=EDGE_CURVE('',#806,#807,#958,.T.);
#579=EDGE_CURVE('',#808,#807,#959,.T.);
#580=EDGE_CURVE('',#808,#809,#960,.T.);
#581=EDGE_CURVE('',#809,#810,#961,.T.);
#582=EDGE_CURVE('',#810,#811,#962,.T.);
#583=EDGE_CURVE('',#812,#811,#963,.T.);
#584=EDGE_CURVE('',#812,#813,#964,.T.);
#585=EDGE_CURVE('',#814,#813,#965,.T.);
#586=EDGE_CURVE('',#815,#814,#966,.T.);
#587=EDGE_CURVE('',#816,#815,#967,.T.);
#588=EDGE_CURVE('',#816,#817,#968,.T.);
#589=EDGE_CURVE('',#817,#818,#969,.T.);
#590=EDGE_CURVE('',#819,#818,#970,.T.);
#591=EDGE_CURVE('',#820,#819,#971,.T.);
#592=EDGE_CURVE('',#821,#820,#972,.T.);
#593=EDGE_CURVE('',#821,#822,#973,.T.);
#594=EDGE_CURVE('',#823,#822,#974,.T.);
#595=EDGE_CURVE('',#824,#823,#975,.T.);
#596=EDGE_CURVE('',#825,#824,#976,.T.);
#597=EDGE_CURVE('',#825,#826,#977,.T.);
#598=EDGE_CURVE('',#827,#826,#978,.T.);
#599=EDGE_CURVE('',#793,#827,#979,.T.);
#600=EDGE_CURVE('',#828,#829,#980,.T.);
#601=EDGE_CURVE('',#829,#830,#981,.T.);
#602=EDGE_CURVE('',#831,#830,#982,.T.);
#603=EDGE_CURVE('',#831,#828,#983,.T.);
#604=EDGE_CURVE('',#832,#833,#984,.T.);
#605=EDGE_CURVE('',#833,#834,#985,.T.);
#606=EDGE_CURVE('',#835,#834,#986,.T.);
#607=EDGE_CURVE('',#835,#832,#987,.T.);
#608=EDGE_CURVE('',#836,#837,#988,.T.);
#609=EDGE_CURVE('',#837,#838,#989,.T.);
#610=EDGE_CURVE('',#839,#838,#990,.T.);
#611=EDGE_CURVE('',#839,#836,#991,.T.);
#612=EDGE_CURVE('',#840,#841,#992,.T.);
#613=EDGE_CURVE('',#841,#842,#993,.T.);
#614=EDGE_CURVE('',#843,#842,#994,.T.);
#615=EDGE_CURVE('',#843,#840,#995,.T.);
#616=EDGE_CURVE('',#844,#845,#996,.T.);
#617=EDGE_CURVE('',#845,#846,#997,.T.);
#618=EDGE_CURVE('',#847,#846,#998,.T.);
#619=EDGE_CURVE('',#847,#844,#999,.T.);
#620=EDGE_CURVE('',#714,#810,#1000,.T.);
#621=EDGE_CURVE('',#811,#713,#1001,.T.);
#622=EDGE_CURVE('',#705,#819,#1002,.T.);
#623=EDGE_CURVE('',#820,#704,#1003,.T.);
#624=EDGE_CURVE('',#708,#816,#1004,.T.);
#625=EDGE_CURVE('',#709,#815,#1005,.T.);
#626=EDGE_CURVE('',#719,#805,#1006,.T.);
#627=EDGE_CURVE('',#718,#806,#1007,.T.);
#628=EDGE_CURVE('',#722,#802,#1008,.T.);
#629=EDGE_CURVE('',#723,#801,#1009,.T.);
#630=EDGE_CURVE('',#827,#696,#1010,.T.);
#631=EDGE_CURVE('',#826,#698,#1011,.T.);
#632=EDGE_CURVE('',#730,#794,#1012,.T.);
#633=EDGE_CURVE('',#729,#795,#1013,.T.);
#634=EDGE_CURVE('',#701,#823,#1014,.T.);
#635=EDGE_CURVE('',#702,#822,#1015,.T.);
#636=EDGE_CURVE('',#712,#812,#1016,.T.);
#637=EDGE_CURVE('',#726,#798,#1017,.T.);
#638=EDGE_CURVE('',#727,#797,#1018,.T.);
#639=EDGE_CURVE('',#717,#807,#1019,.T.);
#640=EDGE_CURVE('',#700,#824,#1020,.T.);
#641=EDGE_CURVE('',#825,#699,#1021,.T.);
#642=EDGE_CURVE('',#793,#697,#1022,.T.);
#643=EDGE_CURVE('',#731,#792,#1023,.T.);
#644=EDGE_CURVE('',#728,#796,#1024,.T.);
#645=EDGE_CURVE('',#703,#821,#1025,.T.);
#646=EDGE_CURVE('',#725,#799,#1026,.T.);
#647=EDGE_CURVE('',#724,#800,#1027,.T.);
#648=EDGE_CURVE('',#721,#803,#1028,.T.);
#649=EDGE_CURVE('',#720,#804,#1029,.T.);
#650=EDGE_CURVE('',#711,#813,#1030,.T.);
#651=EDGE_CURVE('',#710,#814,#1031,.T.);
#652=EDGE_CURVE('',#707,#817,#1032,.T.);
#653=EDGE_CURVE('',#706,#818,#1033,.T.);
#654=EDGE_CURVE('',#716,#808,#1034,.T.);
#655=EDGE_CURVE('',#715,#809,#1035,.T.);
#656=EDGE_CURVE('',#733,#789,#1036,.T.);
#657=EDGE_CURVE('',#734,#788,#1037,.T.);
#658=EDGE_CURVE('',#735,#791,#1038,.T.);
#659=EDGE_CURVE('',#732,#790,#1039,.T.);
#660=EDGE_CURVE('',#737,#829,#1040,.T.);
#661=EDGE_CURVE('',#738,#828,#1041,.T.);
#662=EDGE_CURVE('',#736,#830,#1042,.T.);
#663=EDGE_CURVE('',#739,#831,#1043,.T.);
#664=EDGE_CURVE('',#741,#785,#1044,.T.);
#665=EDGE_CURVE('',#742,#784,#1045,.T.);
#666=EDGE_CURVE('',#740,#786,#1046,.T.);
#667=EDGE_CURVE('',#743,#787,#1047,.T.);
#668=EDGE_CURVE('',#745,#833,#1048,.T.);
#669=EDGE_CURVE('',#746,#832,#1049,.T.);
#670=EDGE_CURVE('',#744,#834,#1050,.T.);
#671=EDGE_CURVE('',#747,#835,#1051,.T.);
#672=EDGE_CURVE('',#749,#781,#1052,.T.);
#673=EDGE_CURVE('',#750,#780,#1053,.T.);
#674=EDGE_CURVE('',#748,#782,#1054,.T.);
#675=EDGE_CURVE('',#751,#783,#1055,.T.);
#676=EDGE_CURVE('',#753,#837,#1056,.T.);
#677=EDGE_CURVE('',#754,#836,#1057,.T.);
#678=EDGE_CURVE('',#752,#838,#1058,.T.);
#679=EDGE_CURVE('',#755,#839,#1059,.T.);
#680=EDGE_CURVE('',#757,#777,#1060,.T.);
#681=EDGE_CURVE('',#758,#776,#1061,.T.);
#682=EDGE_CURVE('',#756,#778,#1062,.T.);
#683=EDGE_CURVE('',#759,#779,#1063,.T.);
#684=EDGE_CURVE('',#761,#841,#1064,.T.);
#685=EDGE_CURVE('',#762,#840,#1065,.T.);
#686=EDGE_CURVE('',#760,#842,#1066,.T.);
#687=EDGE_CURVE('',#763,#843,#1067,.T.);
#688=EDGE_CURVE('',#765,#773,#1068,.T.);
#689=EDGE_CURVE('',#766,#772,#1069,.T.);
#690=EDGE_CURVE('',#764,#774,#1070,.T.);
#691=EDGE_CURVE('',#767,#775,#1071,.T.);
#692=EDGE_CURVE('',#769,#845,#1072,.T.);
#693=EDGE_CURVE('',#770,#844,#1073,.T.);
#694=EDGE_CURVE('',#771,#847,#1074,.T.);
#695=EDGE_CURVE('',#768,#846,#1075,.T.);
#696=VERTEX_POINT('',#2136);
#697=VERTEX_POINT('',#2137);
#698=VERTEX_POINT('',#2139);
#699=VERTEX_POINT('',#2141);
#700=VERTEX_POINT('',#2143);
#701=VERTEX_POINT('',#2145);
#702=VERTEX_POINT('',#2147);
#703=VERTEX_POINT('',#2149);
#704=VERTEX_POINT('',#2151);
#705=VERTEX_POINT('',#2153);
#706=VERTEX_POINT('',#2155);
#707=VERTEX_POINT('',#2157);
#708=VERTEX_POINT('',#2159);
#709=VERTEX_POINT('',#2161);
#710=VERTEX_POINT('',#2163);
#711=VERTEX_POINT('',#2165);
#712=VERTEX_POINT('',#2167);
#713=VERTEX_POINT('',#2169);
#714=VERTEX_POINT('',#2171);
#715=VERTEX_POINT('',#2173);
#716=VERTEX_POINT('',#2175);
#717=VERTEX_POINT('',#2177);
#718=VERTEX_POINT('',#2179);
#719=VERTEX_POINT('',#2181);
#720=VERTEX_POINT('',#2183);
#721=VERTEX_POINT('',#2185);
#722=VERTEX_POINT('',#2187);
#723=VERTEX_POINT('',#2189);
#724=VERTEX_POINT('',#2191);
#725=VERTEX_POINT('',#2193);
#726=VERTEX_POINT('',#2195);
#727=VERTEX_POINT('',#2197);
#728=VERTEX_POINT('',#2199);
#729=VERTEX_POINT('',#2201);
#730=VERTEX_POINT('',#2203);
#731=VERTEX_POINT('',#2205);
#732=VERTEX_POINT('',#2208);
#733=VERTEX_POINT('',#2209);
#734=VERTEX_POINT('',#2211);
#735=VERTEX_POINT('',#2213);
#736=VERTEX_POINT('',#2216);
#737=VERTEX_POINT('',#2217);
#738=VERTEX_POINT('',#2219);
#739=VERTEX_POINT('',#2221);
#740=VERTEX_POINT('',#2224);
#741=VERTEX_POINT('',#2225);
#742=VERTEX_POINT('',#2227);
#743=VERTEX_POINT('',#2229);
#744=VERTEX_POINT('',#2232);
#745=VERTEX_POINT('',#2233);
#746=VERTEX_POINT('',#2235);
#747=VERTEX_POINT('',#2237);
#748=VERTEX_POINT('',#2240);
#749=VERTEX_POINT('',#2241);
#750=VERTEX_POINT('',#2243);
#751=VERTEX_POINT('',#2245);
#752=VERTEX_POINT('',#2248);
#753=VERTEX_POINT('',#2249);
#754=VERTEX_POINT('',#2251);
#755=VERTEX_POINT('',#2253);
#756=VERTEX_POINT('',#2256);
#757=VERTEX_POINT('',#2257);
#758=VERTEX_POINT('',#2259);
#759=VERTEX_POINT('',#2261);
#760=VERTEX_POINT('',#2264);
#761=VERTEX_POINT('',#2265);
#762=VERTEX_POINT('',#2267);
#763=VERTEX_POINT('',#2269);
#764=VERTEX_POINT('',#2272);
#765=VERTEX_POINT('',#2273);
#766=VERTEX_POINT('',#2275);
#767=VERTEX_POINT('',#2277);
#768=VERTEX_POINT('',#2280);
#769=VERTEX_POINT('',#2281);
#770=VERTEX_POINT('',#2283);
#771=VERTEX_POINT('',#2285);
#772=VERTEX_POINT('',#2289);
#773=VERTEX_POINT('',#2290);
#774=VERTEX_POINT('',#2292);
#775=VERTEX_POINT('',#2294);
#776=VERTEX_POINT('',#2297);
#777=VERTEX_POINT('',#2298);
#778=VERTEX_POINT('',#2300);
#779=VERTEX_POINT('',#2302);
#780=VERTEX_POINT('',#2305);
#781=VERTEX_POINT('',#2306);
#782=VERTEX_POINT('',#2308);
#783=VERTEX_POINT('',#2310);
#784=VERTEX_POINT('',#2313);
#785=VERTEX_POINT('',#2314);
#786=VERTEX_POINT('',#2316);
#787=VERTEX_POINT('',#2318);
#788=VERTEX_POINT('',#2321);
#789=VERTEX_POINT('',#2322);
#790=VERTEX_POINT('',#2324);
#791=VERTEX_POINT('',#2326);
#792=VERTEX_POINT('',#2329);
#793=VERTEX_POINT('',#2330);
#794=VERTEX_POINT('',#2332);
#795=VERTEX_POINT('',#2334);
#796=VERTEX_POINT('',#2336);
#797=VERTEX_POINT('',#2338);
#798=VERTEX_POINT('',#2340);
#799=VERTEX_POINT('',#2342);
#800=VERTEX_POINT('',#2344);
#801=VERTEX_POINT('',#2346);
#802=VERTEX_POINT('',#2348);
#803=VERTEX_POINT('',#2350);
#804=VERTEX_POINT('',#2352);
#805=VERTEX_POINT('',#2354);
#806=VERTEX_POINT('',#2356);
#807=VERTEX_POINT('',#2358);
#808=VERTEX_POINT('',#2360);
#809=VERTEX_POINT('',#2362);
#810=VERTEX_POINT('',#2364);
#811=VERTEX_POINT('',#2366);
#812=VERTEX_POINT('',#2368);
#813=VERTEX_POINT('',#2370);
#814=VERTEX_POINT('',#2372);
#815=VERTEX_POINT('',#2374);
#816=VERTEX_POINT('',#2376);
#817=VERTEX_POINT('',#2378);
#818=VERTEX_POINT('',#2380);
#819=VERTEX_POINT('',#2382);
#820=VERTEX_POINT('',#2384);
#821=VERTEX_POINT('',#2386);
#822=VERTEX_POINT('',#2388);
#823=VERTEX_POINT('',#2390);
#824=VERTEX_POINT('',#2392);
#825=VERTEX_POINT('',#2394);
#826=VERTEX_POINT('',#2396);
#827=VERTEX_POINT('',#2398);
#828=VERTEX_POINT('',#2401);
#829=VERTEX_POINT('',#2402);
#830=VERTEX_POINT('',#2404);
#831=VERTEX_POINT('',#2406);
#832=VERTEX_POINT('',#2409);
#833=VERTEX_POINT('',#2410);
#834=VERTEX_POINT('',#2412);
#835=VERTEX_POINT('',#2414);
#836=VERTEX_POINT('',#2417);
#837=VERTEX_POINT('',#2418);
#838=VERTEX_POINT('',#2420);
#839=VERTEX_POINT('',#2422);
#840=VERTEX_POINT('',#2425);
#841=VERTEX_POINT('',#2426);
#842=VERTEX_POINT('',#2428);
#843=VERTEX_POINT('',#2430);
#844=VERTEX_POINT('',#2433);
#845=VERTEX_POINT('',#2434);
#846=VERTEX_POINT('',#2436);
#847=VERTEX_POINT('',#2438);
#848=LINE('',#2135,#1076);
#849=LINE('',#2138,#1077);
#850=LINE('',#2140,#1078);
#851=LINE('',#2142,#1079);
#852=LINE('',#2144,#1080);
#853=LINE('',#2146,#1081);
#854=LINE('',#2148,#1082);
#855=LINE('',#2150,#1083);
#856=LINE('',#2152,#1084);
#857=LINE('',#2154,#1085);
#858=LINE('',#2156,#1086);
#859=LINE('',#2158,#1087);
#860=LINE('',#2160,#1088);
#861=LINE('',#2162,#1089);
#862=LINE('',#2164,#1090);
#863=LINE('',#2166,#1091);
#864=LINE('',#2168,#1092);
#865=LINE('',#2170,#1093);
#866=LINE('',#2172,#1094);
#867=LINE('',#2174,#1095);
#868=LINE('',#2176,#1096);
#869=LINE('',#2178,#1097);
#870=LINE('',#2180,#1098);
#871=LINE('',#2182,#1099);
#872=LINE('',#2184,#1100);
#873=LINE('',#2186,#1101);
#874=LINE('',#2188,#1102);
#875=LINE('',#2190,#1103);
#876=LINE('',#2192,#1104);
#877=LINE('',#2194,#1105);
#878=LINE('',#2196,#1106);
#879=LINE('',#2198,#1107);
#880=LINE('',#2200,#1108);
#881=LINE('',#2202,#1109);
#882=LINE('',#2204,#1110);
#883=LINE('',#2206,#1111);
#884=LINE('',#2207,#1112);
#885=LINE('',#2210,#1113);
#886=LINE('',#2212,#1114);
#887=LINE('',#2214,#1115);
#888=LINE('',#2215,#1116);
#889=LINE('',#2218,#1117);
#890=LINE('',#2220,#1118);
#891=LINE('',#2222,#1119);
#892=LINE('',#2223,#1120);
#893=LINE('',#2226,#1121);
#894=LINE('',#2228,#1122);
#895=LINE('',#2230,#1123);
#896=LINE('',#2231,#1124);
#897=LINE('',#2234,#1125);
#898=LINE('',#2236,#1126);
#899=LINE('',#2238,#1127);
#900=LINE('',#2239,#1128);
#901=LINE('',#2242,#1129);
#902=LINE('',#2244,#1130);
#903=LINE('',#2246,#1131);
#904=LINE('',#2247,#1132);
#905=LINE('',#2250,#1133);
#906=LINE('',#2252,#1134);
#907=LINE('',#2254,#1135);
#908=LINE('',#2255,#1136);
#909=LINE('',#2258,#1137);
#910=LINE('',#2260,#1138);
#911=LINE('',#2262,#1139);
#912=LINE('',#2263,#1140);
#913=LINE('',#2266,#1141);
#914=LINE('',#2268,#1142);
#915=LINE('',#2270,#1143);
#916=LINE('',#2271,#1144);
#917=LINE('',#2274,#1145);
#918=LINE('',#2276,#1146);
#919=LINE('',#2278,#1147);
#920=LINE('',#2279,#1148);
#921=LINE('',#2282,#1149);
#922=LINE('',#2284,#1150);
#923=LINE('',#2286,#1151);
#924=LINE('',#2288,#1152);
#925=LINE('',#2291,#1153);
#926=LINE('',#2293,#1154);
#927=LINE('',#2295,#1155);
#928=LINE('',#2296,#1156);
#929=LINE('',#2299,#1157);
#930=LINE('',#2301,#1158);
#931=LINE('',#2303,#1159);
#932=LINE('',#2304,#1160);
#933=LINE('',#2307,#1161);
#934=LINE('',#2309,#1162);
#935=LINE('',#2311,#1163);
#936=LINE('',#2312,#1164);
#937=LINE('',#2315,#1165);
#938=LINE('',#2317,#1166);
#939=LINE('',#2319,#1167);
#940=LINE('',#2320,#1168);
#941=LINE('',#2323,#1169);
#942=LINE('',#2325,#1170);
#943=LINE('',#2327,#1171);
#944=LINE('',#2328,#1172);
#945=LINE('',#2331,#1173);
#946=LINE('',#2333,#1174);
#947=LINE('',#2335,#1175);
#948=LINE('',#2337,#1176);
#949=LINE('',#2339,#1177);
#950=LINE('',#2341,#1178);
#951=LINE('',#2343,#1179);
#952=LINE('',#2345,#1180);
#953=LINE('',#2347,#1181);
#954=LINE('',#2349,#1182);
#955=LINE('',#2351,#1183);
#956=LINE('',#2353,#1184);
#957=LINE('',#2355,#1185);
#958=LINE('',#2357,#1186);
#959=LINE('',#2359,#1187);
#960=LINE('',#2361,#1188);
#961=LINE('',#2363,#1189);
#962=LINE('',#2365,#1190);
#963=LINE('',#2367,#1191);
#964=LINE('',#2369,#1192);
#965=LINE('',#2371,#1193);
#966=LINE('',#2373,#1194);
#967=LINE('',#2375,#1195);
#968=LINE('',#2377,#1196);
#969=LINE('',#2379,#1197);
#970=LINE('',#2381,#1198);
#971=LINE('',#2383,#1199);
#972=LINE('',#2385,#1200);
#973=LINE('',#2387,#1201);
#974=LINE('',#2389,#1202);
#975=LINE('',#2391,#1203);
#976=LINE('',#2393,#1204);
#977=LINE('',#2395,#1205);
#978=LINE('',#2397,#1206);
#979=LINE('',#2399,#1207);
#980=LINE('',#2400,#1208);
#981=LINE('',#2403,#1209);
#982=LINE('',#2405,#1210);
#983=LINE('',#2407,#1211);
#984=LINE('',#2408,#1212);
#985=LINE('',#2411,#1213);
#986=LINE('',#2413,#1214);
#987=LINE('',#2415,#1215);
#988=LINE('',#2416,#1216);
#989=LINE('',#2419,#1217);
#990=LINE('',#2421,#1218);
#991=LINE('',#2423,#1219);
#992=LINE('',#2424,#1220);
#993=LINE('',#2427,#1221);
#994=LINE('',#2429,#1222);
#995=LINE('',#2431,#1223);
#996=LINE('',#2432,#1224);
#997=LINE('',#2435,#1225);
#998=LINE('',#2437,#1226);
#999=LINE('',#2439,#1227);
#1000=LINE('',#2441,#1228);
#1001=LINE('',#2442,#1229);
#1002=LINE('',#2444,#1230);
#1003=LINE('',#2445,#1231);
#1004=LINE('',#2447,#1232);
#1005=LINE('',#2448,#1233);
#1006=LINE('',#2450,#1234);
#1007=LINE('',#2451,#1235);
#1008=LINE('',#2453,#1236);
#1009=LINE('',#2454,#1237);
#1010=LINE('',#2456,#1238);
#1011=LINE('',#2457,#1239);
#1012=LINE('',#2459,#1240);
#1013=LINE('',#2460,#1241);
#1014=LINE('',#2462,#1242);
#1015=LINE('',#2463,#1243);
#1016=LINE('',#2465,#1244);
#1017=LINE('',#2467,#1245);
#1018=LINE('',#2468,#1246);
#1019=LINE('',#2470,#1247);
#1020=LINE('',#2472,#1248);
#1021=LINE('',#2474,#1249);
#1022=LINE('',#2477,#1250);
#1023=LINE('',#2479,#1251);
#1024=LINE('',#2482,#1252);
#1025=LINE('',#2485,#1253);
#1026=LINE('',#2488,#1254);
#1027=LINE('',#2490,#1255);
#1028=LINE('',#2493,#1256);
#1029=LINE('',#2495,#1257);
#1030=LINE('',#2498,#1258);
#1031=LINE('',#2500,#1259);
#1032=LINE('',#2503,#1260);
#1033=LINE('',#2505,#1261);
#1034=LINE('',#2508,#1262);
#1035=LINE('',#2510,#1263);
#1036=LINE('',#2513,#1264);
#1037=LINE('',#2514,#1265);
#1038=LINE('',#2516,#1266);
#1039=LINE('',#2518,#1267);
#1040=LINE('',#2521,#1268);
#1041=LINE('',#2522,#1269);
#1042=LINE('',#2524,#1270);
#1043=LINE('',#2526,#1271);
#1044=LINE('',#2529,#1272);
#1045=LINE('',#2530,#1273);
#1046=LINE('',#2532,#1274);
#1047=LINE('',#2534,#1275);
#1048=LINE('',#2537,#1276);
#1049=LINE('',#2538,#1277);
#1050=LINE('',#2540,#1278);
#1051=LINE('',#2542,#1279);
#1052=LINE('',#2545,#1280);
#1053=LINE('',#2546,#1281);
#1054=LINE('',#2548,#1282);
#1055=LINE('',#2550,#1283);
#1056=LINE('',#2553,#1284);
#1057=LINE('',#2554,#1285);
#1058=LINE('',#2556,#1286);
#1059=LINE('',#2558,#1287);
#1060=LINE('',#2561,#1288);
#1061=LINE('',#2562,#1289);
#1062=LINE('',#2564,#1290);
#1063=LINE('',#2566,#1291);
#1064=LINE('',#2569,#1292);
#1065=LINE('',#2570,#1293);
#1066=LINE('',#2572,#1294);
#1067=LINE('',#2574,#1295);
#1068=LINE('',#2577,#1296);
#1069=LINE('',#2578,#1297);
#1070=LINE('',#2580,#1298);
#1071=LINE('',#2582,#1299);
#1072=LINE('',#2585,#1300);
#1073=LINE('',#2586,#1301);
#1074=LINE('',#2588,#1302);
#1075=LINE('',#2590,#1303);
#1076=VECTOR('',#1751,1.);
#1077=VECTOR('',#1752,1.);
#1078=VECTOR('',#1753,1.);
#1079=VECTOR('',#1754,1.);
#1080=VECTOR('',#1755,1.);
#1081=VECTOR('',#1756,1.);
#1082=VECTOR('',#1757,1.);
#1083=VECTOR('',#1758,1.);
#1084=VECTOR('',#1759,1.);
#1085=VECTOR('',#1760,1.);
#1086=VECTOR('',#1761,1.);
#1087=VECTOR('',#1762,1.);
#1088=VECTOR('',#1763,1.);
#1089=VECTOR('',#1764,1.);
#1090=VECTOR('',#1765,1.);
#1091=VECTOR('',#1766,1.);
#1092=VECTOR('',#1767,1.);
#1093=VECTOR('',#1768,1.);
#1094=VECTOR('',#1769,1.);
#1095=VECTOR('',#1770,1.);
#1096=VECTOR('',#1771,1.);
#1097=VECTOR('',#1772,1.);
#1098=VECTOR('',#1773,1.);
#1099=VECTOR('',#1774,1.);
#1100=VECTOR('',#1775,1.);
#1101=VECTOR('',#1776,1.);
#1102=VECTOR('',#1777,1.);
#1103=VECTOR('',#1778,1.);
#1104=VECTOR('',#1779,1.);
#1105=VECTOR('',#1780,1.);
#1106=VECTOR('',#1781,1.);
#1107=VECTOR('',#1782,1.);
#1108=VECTOR('',#1783,1.);
#1109=VECTOR('',#1784,1.);
#1110=VECTOR('',#1785,1.);
#1111=VECTOR('',#1786,1.);
#1112=VECTOR('',#1787,1.);
#1113=VECTOR('',#1788,1.);
#1114=VECTOR('',#1789,1.);
#1115=VECTOR('',#1790,1.);
#1116=VECTOR('',#1791,1.);
#1117=VECTOR('',#1792,1.);
#1118=VECTOR('',#1793,1.);
#1119=VECTOR('',#1794,1.);
#1120=VECTOR('',#1795,1.);
#1121=VECTOR('',#1796,1.);
#1122=VECTOR('',#1797,1.);
#1123=VECTOR('',#1798,1.);
#1124=VECTOR('',#1799,1.);
#1125=VECTOR('',#1800,1.);
#1126=VECTOR('',#1801,1.);
#1127=VECTOR('',#1802,1.);
#1128=VECTOR('',#1803,1.);
#1129=VECTOR('',#1804,1.);
#1130=VECTOR('',#1805,1.);
#1131=VECTOR('',#1806,1.);
#1132=VECTOR('',#1807,1.);
#1133=VECTOR('',#1808,1.);
#1134=VECTOR('',#1809,1.);
#1135=VECTOR('',#1810,1.);
#1136=VECTOR('',#1811,1.);
#1137=VECTOR('',#1812,1.);
#1138=VECTOR('',#1813,1.);
#1139=VECTOR('',#1814,1.);
#1140=VECTOR('',#1815,1.);
#1141=VECTOR('',#1816,1.);
#1142=VECTOR('',#1817,1.);
#1143=VECTOR('',#1818,1.);
#1144=VECTOR('',#1819,1.);
#1145=VECTOR('',#1820,1.);
#1146=VECTOR('',#1821,1.);
#1147=VECTOR('',#1822,1.);
#1148=VECTOR('',#1823,1.);
#1149=VECTOR('',#1824,1.);
#1150=VECTOR('',#1825,1.);
#1151=VECTOR('',#1826,1.);
#1152=VECTOR('',#1829,1.);
#1153=VECTOR('',#1830,1.);
#1154=VECTOR('',#1831,1.);
#1155=VECTOR('',#1832,1.);
#1156=VECTOR('',#1833,1.);
#1157=VECTOR('',#1834,1.);
#1158=VECTOR('',#1835,1.);
#1159=VECTOR('',#1836,1.);
#1160=VECTOR('',#1837,1.);
#1161=VECTOR('',#1838,1.);
#1162=VECTOR('',#1839,1.);
#1163=VECTOR('',#1840,1.);
#1164=VECTOR('',#1841,1.);
#1165=VECTOR('',#1842,1.);
#1166=VECTOR('',#1843,1.);
#1167=VECTOR('',#1844,1.);
#1168=VECTOR('',#1845,1.);
#1169=VECTOR('',#1846,1.);
#1170=VECTOR('',#1847,1.);
#1171=VECTOR('',#1848,1.);
#1172=VECTOR('',#1849,1.);
#1173=VECTOR('',#1850,1.);
#1174=VECTOR('',#1851,1.);
#1175=VECTOR('',#1852,1.);
#1176=VECTOR('',#1853,1.);
#1177=VECTOR('',#1854,1.);
#1178=VECTOR('',#1855,1.);
#1179=VECTOR('',#1856,1.);
#1180=VECTOR('',#1857,1.);
#1181=VECTOR('',#1858,1.);
#1182=VECTOR('',#1859,1.);
#1183=VECTOR('',#1860,1.);
#1184=VECTOR('',#1861,1.);
#1185=VECTOR('',#1862,1.);
#1186=VECTOR('',#1863,1.);
#1187=VECTOR('',#1864,1.);
#1188=VECTOR('',#1865,1.);
#1189=VECTOR('',#1866,1.);
#1190=VECTOR('',#1867,1.);
#1191=VECTOR('',#1868,1.);
#1192=VECTOR('',#1869,1.);
#1193=VECTOR('',#1870,1.);
#1194=VECTOR('',#1871,1.);
#1195=VECTOR('',#1872,1.);
#1196=VECTOR('',#1873,1.);
#1197=VECTOR('',#1874,1.);
#1198=VECTOR('',#1875,1.);
#1199=VECTOR('',#1876,1.);
#1200=VECTOR('',#1877,1.);
#1201=VECTOR('',#1878,1.);
#1202=VECTOR('',#1879,1.);
#1203=VECTOR('',#1880,1.);
#1204=VECTOR('',#1881,1.);
#1205=VECTOR('',#1882,1.);
#1206=VECTOR('',#1883,1.);
#1207=VECTOR('',#1884,1.);
#1208=VECTOR('',#1885,1.);
#1209=VECTOR('',#1886,1.);
#1210=VECTOR('',#1887,1.);
#1211=VECTOR('',#1888,1.);
#1212=VECTOR('',#1889,1.);
#1213=VECTOR('',#1890,1.);
#1214=VECTOR('',#1891,1.);
#1215=VECTOR('',#1892,1.);
#1216=VECTOR('',#1893,1.);
#1217=VECTOR('',#1894,1.);
#1218=VECTOR('',#1895,1.);
#1219=VECTOR('',#1896,1.);
#1220=VECTOR('',#1897,1.);
#1221=VECTOR('',#1898,1.);
#1222=VECTOR('',#1899,1.);
#1223=VECTOR('',#1900,1.);
#1224=VECTOR('',#1901,1.);
#1225=VECTOR('',#1902,1.);
#1226=VECTOR('',#1903,1.);
#1227=VECTOR('',#1904,1.);
#1228=VECTOR('',#1907,1.);
#1229=VECTOR('',#1908,1.);
#1230=VECTOR('',#1911,1.);
#1231=VECTOR('',#1912,1.);
#1232=VECTOR('',#1915,1.);
#1233=VECTOR('',#1916,1.);
#1234=VECTOR('',#1919,1.);
#1235=VECTOR('',#1920,1.);
#1236=VECTOR('',#1923,1.);
#1237=VECTOR('',#1924,1.);
#1238=VECTOR('',#1927,1.);
#1239=VECTOR('',#1928,1.);
#1240=VECTOR('',#1931,1.);
#1241=VECTOR('',#1932,1.);
#1242=VECTOR('',#1935,1.);
#1243=VECTOR('',#1936,1.);
#1244=VECTOR('',#1939,1.);
#1245=VECTOR('',#1942,1.);
#1246=VECTOR('',#1943,1.);
#1247=VECTOR('',#1946,1.);
#1248=VECTOR('',#1949,1.);
#1249=VECTOR('',#1952,1.);
#1250=VECTOR('',#1957,1.);
#1251=VECTOR('',#1960,1.);
#1252=VECTOR('',#1965,1.);
#1253=VECTOR('',#1970,1.);
#1254=VECTOR('',#1975,1.);
#1255=VECTOR('',#1978,1.);
#1256=VECTOR('',#1983,1.);
#1257=VECTOR('',#1986,1.);
#1258=VECTOR('',#1991,1.);
#1259=VECTOR('',#1994,1.);
#1260=VECTOR('',#1999,1.);
#1261=VECTOR('',#2002,1.);
#1262=VECTOR('',#2007,1.);
#1263=VECTOR('',#2010,1.);
#1264=VECTOR('',#2015,1.);
#1265=VECTOR('',#2016,1.);
#1266=VECTOR('',#2019,1.);
#1267=VECTOR('',#2022,1.);
#1268=VECTOR('',#2027,1.);
#1269=VECTOR('',#2028,1.);
#1270=VECTOR('',#2031,1.);
#1271=VECTOR('',#2034,1.);
#1272=VECTOR('',#2039,1.);
#1273=VECTOR('',#2040,1.);
#1274=VECTOR('',#2043,1.);
#1275=VECTOR('',#2046,1.);
#1276=VECTOR('',#2051,1.);
#1277=VECTOR('',#2052,1.);
#1278=VECTOR('',#2055,1.);
#1279=VECTOR('',#2058,1.);
#1280=VECTOR('',#2063,1.);
#1281=VECTOR('',#2064,1.);
#1282=VECTOR('',#2067,1.);
#1283=VECTOR('',#2070,1.);
#1284=VECTOR('',#2075,1.);
#1285=VECTOR('',#2076,1.);
#1286=VECTOR('',#2079,1.);
#1287=VECTOR('',#2082,1.);
#1288=VECTOR('',#2087,1.);
#1289=VECTOR('',#2088,1.);
#1290=VECTOR('',#2091,1.);
#1291=VECTOR('',#2094,1.);
#1292=VECTOR('',#2099,1.);
#1293=VECTOR('',#2100,1.);
#1294=VECTOR('',#2103,1.);
#1295=VECTOR('',#2106,1.);
#1296=VECTOR('',#2111,1.);
#1297=VECTOR('',#2112,1.);
#1298=VECTOR('',#2115,1.);
#1299=VECTOR('',#2118,1.);
#1300=VECTOR('',#2123,1.);
#1301=VECTOR('',#2124,1.);
#1302=VECTOR('',#2127,1.);
#1303=VECTOR('',#2130,1.);
#1304=EDGE_LOOP('',(#12,#13,#14,#15,#16,#17,#18,#19,#20,#21,#22,#23,#24,
#25,#26,#27,#28,#29,#30,#31,#32,#33,#34,#35,#36,#37,#38,#39,#40,#41,#42,
#43,#44,#45,#46,#47));
#1305=EDGE_LOOP('',(#48,#49,#50,#51));
#1306=EDGE_LOOP('',(#52,#53,#54,#55));
#1307=EDGE_LOOP('',(#56,#57,#58,#59));
#1308=EDGE_LOOP('',(#60,#61,#62,#63));
#1309=EDGE_LOOP('',(#64,#65,#66,#67));
#1310=EDGE_LOOP('',(#68,#69,#70,#71));
#1311=EDGE_LOOP('',(#72,#73,#74,#75));
#1312=EDGE_LOOP('',(#76,#77,#78,#79));
#1313=EDGE_LOOP('',(#80,#81,#82,#83));
#1314=EDGE_LOOP('',(#84,#85,#86,#87));
#1315=EDGE_LOOP('',(#88,#89,#90,#91));
#1316=EDGE_LOOP('',(#92,#93,#94,#95));
#1317=EDGE_LOOP('',(#96,#97,#98,#99));
#1318=EDGE_LOOP('',(#100,#101,#102,#103));
#1319=EDGE_LOOP('',(#104,#105,#106,#107));
#1320=EDGE_LOOP('',(#108,#109,#110,#111,#112,#113,#114,#115,#116,#117,#118,
#119,#120,#121,#122,#123,#124,#125,#126,#127,#128,#129,#130,#131,#132,#133,
#134,#135,#136,#137,#138,#139,#140,#141,#142,#143));
#1321=EDGE_LOOP('',(#144,#145,#146,#147));
#1322=EDGE_LOOP('',(#148,#149,#150,#151));
#1323=EDGE_LOOP('',(#152,#153,#154,#155));
#1324=EDGE_LOOP('',(#156,#157,#158,#159));
#1325=EDGE_LOOP('',(#160,#161,#162,#163));
#1326=EDGE_LOOP('',(#164,#165,#166,#167));
#1327=EDGE_LOOP('',(#168,#169,#170,#171));
#1328=EDGE_LOOP('',(#172,#173,#174,#175));
#1329=EDGE_LOOP('',(#176,#177,#178,#179));
#1330=EDGE_LOOP('',(#180,#181,#182,#183));
#1331=EDGE_LOOP('',(#184,#185,#186,#187));
#1332=EDGE_LOOP('',(#188,#189,#190,#191));
#1333=EDGE_LOOP('',(#192,#193,#194,#195));
#1334=EDGE_LOOP('',(#196,#197,#198,#199));
#1335=EDGE_LOOP('',(#200,#201,#202,#203));
#1336=EDGE_LOOP('',(#204,#205,#206,#207));
#1337=EDGE_LOOP('',(#208,#209,#210,#211));
#1338=EDGE_LOOP('',(#212,#213,#214,#215));
#1339=EDGE_LOOP('',(#216,#217,#218,#219));
#1340=EDGE_LOOP('',(#220,#221,#222,#223));
#1341=EDGE_LOOP('',(#224,#225,#226,#227));
#1342=EDGE_LOOP('',(#228,#229,#230,#231));
#1343=EDGE_LOOP('',(#232,#233,#234,#235));
#1344=EDGE_LOOP('',(#236,#237,#238,#239));
#1345=EDGE_LOOP('',(#240,#241,#242,#243));
#1346=EDGE_LOOP('',(#244,#245,#246,#247));
#1347=EDGE_LOOP('',(#248,#249,#250,#251));
#1348=EDGE_LOOP('',(#252,#253,#254,#255));
#1349=EDGE_LOOP('',(#256,#257,#258,#259));
#1350=EDGE_LOOP('',(#260,#261,#262,#263));
#1351=EDGE_LOOP('',(#264,#265,#266,#267));
#1352=EDGE_LOOP('',(#268,#269,#270,#271));
#1353=EDGE_LOOP('',(#272,#273,#274,#275));
#1354=EDGE_LOOP('',(#276,#277,#278,#279));
#1355=EDGE_LOOP('',(#280,#281,#282,#283));
#1356=EDGE_LOOP('',(#284,#285,#286,#287));
#1357=EDGE_LOOP('',(#288,#289,#290,#291));
#1358=EDGE_LOOP('',(#292,#293,#294,#295));
#1359=EDGE_LOOP('',(#296,#297,#298,#299));
#1360=EDGE_LOOP('',(#300,#301,#302,#303));
#1361=EDGE_LOOP('',(#304,#305,#306,#307));
#1362=EDGE_LOOP('',(#308,#309,#310,#311));
#1363=EDGE_LOOP('',(#312,#313,#314,#315));
#1364=EDGE_LOOP('',(#316,#317,#318,#319));
#1365=EDGE_LOOP('',(#320,#321,#322,#323));
#1366=EDGE_LOOP('',(#324,#325,#326,#327));
#1367=EDGE_LOOP('',(#328,#329,#330,#331));
#1368=EDGE_LOOP('',(#332,#333,#334,#335));
#1369=EDGE_LOOP('',(#336,#337,#338,#339));
#1370=EDGE_LOOP('',(#340,#341,#342,#343));
#1371=EDGE_LOOP('',(#344,#345,#346,#347));
#1372=EDGE_LOOP('',(#348,#349,#350,#351));
#1373=EDGE_LOOP('',(#352,#353,#354,#355));
#1374=EDGE_LOOP('',(#356,#357,#358,#359));
#1375=EDGE_LOOP('',(#360,#361,#362,#363));
#1376=EDGE_LOOP('',(#364,#365,#366,#367));
#1377=EDGE_LOOP('',(#368,#369,#370,#371));
#1378=EDGE_LOOP('',(#372,#373,#374,#375));
#1379=EDGE_LOOP('',(#376,#377,#378,#379));
#1380=EDGE_LOOP('',(#380,#381,#382,#383));
#1381=EDGE_LOOP('',(#384,#385,#386,#387));
#1382=EDGE_LOOP('',(#388,#389,#390,#391));
#1383=EDGE_LOOP('',(#392,#393,#394,#395));
#1384=EDGE_LOOP('',(#396,#397,#398,#399));
#1385=EDGE_LOOP('',(#400,#401,#402,#403));
#1386=EDGE_LOOP('',(#404,#405,#406,#407));
#1387=EDGE_LOOP('',(#408,#409,#410,#411));
#1388=EDGE_LOOP('',(#412,#413,#414,#415));
#1389=EDGE_LOOP('',(#416,#417,#418,#419));
#1390=EDGE_LOOP('',(#420,#421,#422,#423));
#1391=EDGE_LOOP('',(#424,#425,#426,#427));
#1392=EDGE_LOOP('',(#428,#429,#430,#431));
#1393=EDGE_LOOP('',(#432,#433,#434,#435));
#1394=EDGE_LOOP('',(#436,#437,#438,#439));
#1395=EDGE_LOOP('',(#440,#441,#442,#443));
#1396=EDGE_LOOP('',(#444,#445,#446,#447));
#1397=EDGE_LOOP('',(#448,#449,#450,#451));
#1398=EDGE_LOOP('',(#452,#453,#454,#455));
#1399=EDGE_LOOP('',(#456,#457,#458,#459));
#1400=EDGE_LOOP('',(#460,#461,#462,#463));
#1401=EDGE_LOOP('',(#464,#465,#466,#467));
#1402=FACE_BOUND('',#1304,.T.);
#1403=FACE_BOUND('',#1305,.T.);
#1404=FACE_BOUND('',#1306,.T.);
#1405=FACE_BOUND('',#1307,.T.);
#1406=FACE_BOUND('',#1308,.T.);
#1407=FACE_BOUND('',#1309,.T.);
#1408=FACE_BOUND('',#1310,.T.);
#1409=FACE_BOUND('',#1311,.T.);
#1410=FACE_BOUND('',#1312,.T.);
#1411=FACE_BOUND('',#1313,.T.);
#1412=FACE_BOUND('',#1314,.T.);
#1413=FACE_BOUND('',#1315,.T.);
#1414=FACE_BOUND('',#1316,.T.);
#1415=FACE_BOUND('',#1317,.T.);
#1416=FACE_BOUND('',#1318,.T.);
#1417=FACE_BOUND('',#1319,.T.);
#1418=FACE_BOUND('',#1320,.T.);
#1419=FACE_BOUND('',#1321,.T.);
#1420=FACE_BOUND('',#1322,.T.);
#1421=FACE_BOUND('',#1323,.T.);
#1422=FACE_BOUND('',#1324,.T.);
#1423=FACE_BOUND('',#1325,.T.);
#1424=FACE_BOUND('',#1326,.T.);
#1425=FACE_BOUND('',#1327,.T.);
#1426=FACE_BOUND('',#1328,.T.);
#1427=FACE_BOUND('',#1329,.T.);
#1428=FACE_BOUND('',#1330,.T.);
#1429=FACE_BOUND('',#1331,.T.);
#1430=FACE_BOUND('',#1332,.T.);
#1431=FACE_BOUND('',#1333,.T.);
#1432=FACE_BOUND('',#1334,.T.);
#1433=FACE_BOUND('',#1335,.T.);
#1434=FACE_BOUND('',#1336,.T.);
#1435=FACE_BOUND('',#1337,.T.);
#1436=FACE_BOUND('',#1338,.T.);
#1437=FACE_BOUND('',#1339,.T.);
#1438=FACE_BOUND('',#1340,.T.);
#1439=FACE_BOUND('',#1341,.T.);
#1440=FACE_BOUND('',#1342,.T.);
#1441=FACE_BOUND('',#1343,.T.);
#1442=FACE_BOUND('',#1344,.T.);
#1443=FACE_BOUND('',#1345,.T.);
#1444=FACE_BOUND('',#1346,.T.);
#1445=FACE_BOUND('',#1347,.T.);
#1446=FACE_BOUND('',#1348,.T.);
#1447=FACE_BOUND('',#1349,.T.);
#1448=FACE_BOUND('',#1350,.T.);
#1449=FACE_BOUND('',#1351,.T.);
#1450=FACE_BOUND('',#1352,.T.);
#1451=FACE_BOUND('',#1353,.T.);
#1452=FACE_BOUND('',#1354,.T.);
#1453=FACE_BOUND('',#1355,.T.);
#1454=FACE_BOUND('',#1356,.T.);
#1455=FACE_BOUND('',#1357,.T.);
#1456=FACE_BOUND('',#1358,.T.);
#1457=FACE_BOUND('',#1359,.T.);
#1458=FACE_BOUND('',#1360,.T.);
#1459=FACE_BOUND('',#1361,.T.);
#1460=FACE_BOUND('',#1362,.T.);
#1461=FACE_BOUND('',#1363,.T.);
#1462=FACE_BOUND('',#1364,.T.);
#1463=FACE_BOUND('',#1365,.T.);
#1464=FACE_BOUND('',#1366,.T.);
#1465=FACE_BOUND('',#1367,.T.);
#1466=FACE_BOUND('',#1368,.T.);
#1467=FACE_BOUND('',#1369,.T.);
#1468=FACE_BOUND('',#1370,.T.);
#1469=FACE_BOUND('',#1371,.T.);
#1470=FACE_BOUND('',#1372,.T.);
#1471=FACE_BOUND('',#1373,.T.);
#1472=FACE_BOUND('',#1374,.T.);
#1473=FACE_BOUND('',#1375,.T.);
#1474=FACE_BOUND('',#1376,.T.);
#1475=FACE_BOUND('',#1377,.T.);
#1476=FACE_BOUND('',#1378,.T.);
#1477=FACE_BOUND('',#1379,.T.);
#1478=FACE_BOUND('',#1380,.T.);
#1479=FACE_BOUND('',#1381,.T.);
#1480=FACE_BOUND('',#1382,.T.);
#1481=FACE_BOUND('',#1383,.T.);
#1482=FACE_BOUND('',#1384,.T.);
#1483=FACE_BOUND('',#1385,.T.);
#1484=FACE_BOUND('',#1386,.T.);
#1485=FACE_BOUND('',#1387,.T.);
#1486=FACE_BOUND('',#1388,.T.);
#1487=FACE_BOUND('',#1389,.T.);
#1488=FACE_BOUND('',#1390,.T.);
#1489=FACE_BOUND('',#1391,.T.);
#1490=FACE_BOUND('',#1392,.T.);
#1491=FACE_BOUND('',#1393,.T.);
#1492=FACE_BOUND('',#1394,.T.);
#1493=FACE_BOUND('',#1395,.T.);
#1494=FACE_BOUND('',#1396,.T.);
#1495=FACE_BOUND('',#1397,.T.);
#1496=FACE_BOUND('',#1398,.T.);
#1497=FACE_BOUND('',#1399,.T.);
#1498=FACE_BOUND('',#1400,.T.);
#1499=FACE_BOUND('',#1401,.T.);
#1500=PLANE('',#1669);
#1501=PLANE('',#1670);
#1502=PLANE('',#1671);
#1503=PLANE('',#1672);
#1504=PLANE('',#1673);
#1505=PLANE('',#1674);
#1506=PLANE('',#1675);
#1507=PLANE('',#1676);
#1508=PLANE('',#1677);
#1509=PLANE('',#1678);
#1510=PLANE('',#1679);
#1511=PLANE('',#1680);
#1512=PLANE('',#1681);
#1513=PLANE('',#1682);
#1514=PLANE('',#1683);
#1515=PLANE('',#1684);
#1516=PLANE('',#1685);
#1517=PLANE('',#1686);
#1518=PLANE('',#1687);
#1519=PLANE('',#1688);
#1520=PLANE('',#1689);
#1521=PLANE('',#1690);
#1522=PLANE('',#1691);
#1523=PLANE('',#1692);
#1524=PLANE('',#1693);
#1525=PLANE('',#1694);
#1526=PLANE('',#1695);
#1527=PLANE('',#1696);
#1528=PLANE('',#1697);
#1529=PLANE('',#1698);
#1530=PLANE('',#1699);
#1531=PLANE('',#1700);
#1532=PLANE('',#1701);
#1533=PLANE('',#1702);
#1534=PLANE('',#1703);
#1535=PLANE('',#1704);
#1536=PLANE('',#1705);
#1537=PLANE('',#1706);
#1538=PLANE('',#1707);
#1539=PLANE('',#1708);
#1540=PLANE('',#1709);
#1541=PLANE('',#1710);
#1542=PLANE('',#1711);
#1543=PLANE('',#1712);
#1544=PLANE('',#1713);
#1545=PLANE('',#1714);
#1546=PLANE('',#1715);
#1547=PLANE('',#1716);
#1548=PLANE('',#1717);
#1549=PLANE('',#1718);
#1550=PLANE('',#1719);
#1551=PLANE('',#1720);
#1552=PLANE('',#1721);
#1553=PLANE('',#1722);
#1554=PLANE('',#1723);
#1555=PLANE('',#1724);
#1556=PLANE('',#1725);
#1557=PLANE('',#1726);
#1558=PLANE('',#1727);
#1559=PLANE('',#1728);
#1560=PLANE('',#1729);
#1561=PLANE('',#1730);
#1562=PLANE('',#1731);
#1563=PLANE('',#1732);
#1564=PLANE('',#1733);
#1565=PLANE('',#1734);
#1566=PLANE('',#1735);
#1567=PLANE('',#1736);
#1568=PLANE('',#1737);
#1569=PLANE('',#1738);
#1570=PLANE('',#1739);
#1571=PLANE('',#1740);
#1572=PLANE('',#1741);
#1573=PLANE('',#1742);
#1574=PLANE('',#1743);
#1575=PLANE('',#1744);
#1576=PLANE('',#1745);
#1577=PLANE('',#1746);
#1578=ADVANCED_FACE('',(#1402,#1403,#1404,#1405,#1406,#1407,#1408,#1409,
#1410,#1411,#1412),#1500,.T.);
#1579=ADVANCED_FACE('',(#1413,#1414,#1415,#1416,#1417,#1418,#1419,#1420,
#1421,#1422,#1423),#1501,.F.);
#1580=ADVANCED_FACE('',(#1424),#1502,.F.);
#1581=ADVANCED_FACE('',(#1425),#1503,.F.);
#1582=ADVANCED_FACE('',(#1426),#1504,.F.);
#1583=ADVANCED_FACE('',(#1427),#1505,.F.);
#1584=ADVANCED_FACE('',(#1428),#1506,.F.);
#1585=ADVANCED_FACE('',(#1429),#1507,.T.);
#1586=ADVANCED_FACE('',(#1430),#1508,.T.);
#1587=ADVANCED_FACE('',(#1431),#1509,.T.);
#1588=ADVANCED_FACE('',(#1432),#1510,.F.);
#1589=ADVANCED_FACE('',(#1433),#1511,.F.);
#1590=ADVANCED_FACE('',(#1434),#1512,.F.);
#1591=ADVANCED_FACE('',(#1435),#1513,.T.);
#1592=ADVANCED_FACE('',(#1436),#1514,.T.);
#1593=ADVANCED_FACE('',(#1437),#1515,.T.);
#1594=ADVANCED_FACE('',(#1438),#1516,.F.);
#1595=ADVANCED_FACE('',(#1439),#1517,.F.);
#1596=ADVANCED_FACE('',(#1440),#1518,.T.);
#1597=ADVANCED_FACE('',(#1441),#1519,.T.);
#1598=ADVANCED_FACE('',(#1442),#1520,.T.);
#1599=ADVANCED_FACE('',(#1443),#1521,.T.);
#1600=ADVANCED_FACE('',(#1444),#1522,.F.);
#1601=ADVANCED_FACE('',(#1445),#1523,.T.);
#1602=ADVANCED_FACE('',(#1446),#1524,.F.);
#1603=ADVANCED_FACE('',(#1447),#1525,.F.);
#1604=ADVANCED_FACE('',(#1448),#1526,.T.);
#1605=ADVANCED_FACE('',(#1449),#1527,.F.);
#1606=ADVANCED_FACE('',(#1450),#1528,.F.);
#1607=ADVANCED_FACE('',(#1451),#1529,.T.);
#1608=ADVANCED_FACE('',(#1452),#1530,.F.);
#1609=ADVANCED_FACE('',(#1453),#1531,.F.);
#1610=ADVANCED_FACE('',(#1454),#1532,.T.);
#1611=ADVANCED_FACE('',(#1455),#1533,.T.);
#1612=ADVANCED_FACE('',(#1456),#1534,.F.);
#1613=ADVANCED_FACE('',(#1457),#1535,.F.);
#1614=ADVANCED_FACE('',(#1458),#1536,.T.);
#1615=ADVANCED_FACE('',(#1459),#1537,.T.);
#1616=ADVANCED_FACE('',(#1460),#1538,.T.);
#1617=ADVANCED_FACE('',(#1461),#1539,.T.);
#1618=ADVANCED_FACE('',(#1462),#1540,.T.);
#1619=ADVANCED_FACE('',(#1463),#1541,.T.);
#1620=ADVANCED_FACE('',(#1464),#1542,.T.);
#1621=ADVANCED_FACE('',(#1465),#1543,.T.);
#1622=ADVANCED_FACE('',(#1466),#1544,.T.);
#1623=ADVANCED_FACE('',(#1467),#1545,.F.);
#1624=ADVANCED_FACE('',(#1468),#1546,.T.);
#1625=ADVANCED_FACE('',(#1469),#1547,.T.);
#1626=ADVANCED_FACE('',(#1470),#1548,.T.);
#1627=ADVANCED_FACE('',(#1471),#1549,.F.);
#1628=ADVANCED_FACE('',(#1472),#1550,.T.);
#1629=ADVANCED_FACE('',(#1473),#1551,.T.);
#1630=ADVANCED_FACE('',(#1474),#1552,.T.);
#1631=ADVANCED_FACE('',(#1475),#1553,.F.);
#1632=ADVANCED_FACE('',(#1476),#1554,.T.);
#1633=ADVANCED_FACE('',(#1477),#1555,.T.);
#1634=ADVANCED_FACE('',(#1478),#1556,.T.);
#1635=ADVANCED_FACE('',(#1479),#1557,.F.);
#1636=ADVANCED_FACE('',(#1480),#1558,.T.);
#1637=ADVANCED_FACE('',(#1481),#1559,.T.);
#1638=ADVANCED_FACE('',(#1482),#1560,.T.);
#1639=ADVANCED_FACE('',(#1483),#1561,.F.);
#1640=ADVANCED_FACE('',(#1484),#1562,.T.);
#1641=ADVANCED_FACE('',(#1485),#1563,.T.);
#1642=ADVANCED_FACE('',(#1486),#1564,.T.);
#1643=ADVANCED_FACE('',(#1487),#1565,.F.);
#1644=ADVANCED_FACE('',(#1488),#1566,.T.);
#1645=ADVANCED_FACE('',(#1489),#1567,.T.);
#1646=ADVANCED_FACE('',(#1490),#1568,.T.);
#1647=ADVANCED_FACE('',(#1491),#1569,.F.);
#1648=ADVANCED_FACE('',(#1492),#1570,.T.);
#1649=ADVANCED_FACE('',(#1493),#1571,.T.);
#1650=ADVANCED_FACE('',(#1494),#1572,.T.);
#1651=ADVANCED_FACE('',(#1495),#1573,.F.);
#1652=ADVANCED_FACE('',(#1496),#1574,.T.);
#1653=ADVANCED_FACE('',(#1497),#1575,.T.);
#1654=ADVANCED_FACE('',(#1498),#1576,.F.);
#1655=ADVANCED_FACE('',(#1499),#1577,.T.);
#1656=CLOSED_SHELL('',(#1578,#1579,#1580,#1581,#1582,#1583,#1584,#1585,
#1586,#1587,#1588,#1589,#1590,#1591,#1592,#1593,#1594,#1595,#1596,#1597,
#1598,#1599,#1600,#1601,#1602,#1603,#1604,#1605,#1606,#1607,#1608,#1609,
#1610,#1611,#1612,#1613,#1614,#1615,#1616,#1617,#1618,#1619,#1620,#1621,
#1622,#1623,#1624,#1625,#1626,#1627,#1628,#1629,#1630,#1631,#1632,#1633,
#1634,#1635,#1636,#1637,#1638,#1639,#1640,#1641,#1642,#1643,#1644,#1645,
#1646,#1647,#1648,#1649,#1650,#1651,#1652,#1653,#1654,#1655));
#1657=STYLED_ITEM('',(#1658),#1665);
#1658=PRESENTATION_STYLE_ASSIGNMENT((#1659));
#1659=SURFACE_STYLE_USAGE(.BOTH.,#1660);
#1660=SURFACE_SIDE_STYLE('',(#1661));
#1661=SURFACE_STYLE_FILL_AREA(#1662);
#1662=FILL_AREA_STYLE('',(#1663));
#1663=FILL_AREA_STYLE_COLOUR('',#1664);
#1664=DRAUGHTING_PRE_DEFINED_COLOUR('black');
#1665=MANIFOLD_SOLID_BREP('Part 11',#1656);
#1666=SHAPE_DEFINITION_REPRESENTATION(#2598,#1667);
#1667=SHAPE_REPRESENTATION('Part 11',(#1668),#2593);
#1668=AXIS2_PLACEMENT_3D('',#2133,#1747,#1748);
#1669=AXIS2_PLACEMENT_3D('',#2134,#1749,#1750);
#1670=AXIS2_PLACEMENT_3D('',#2287,#1827,#1828);
#1671=AXIS2_PLACEMENT_3D('',#2440,#1905,#1906);
#1672=AXIS2_PLACEMENT_3D('',#2443,#1909,#1910);
#1673=AXIS2_PLACEMENT_3D('',#2446,#1913,#1914);
#1674=AXIS2_PLACEMENT_3D('',#2449,#1917,#1918);
#1675=AXIS2_PLACEMENT_3D('',#2452,#1921,#1922);
#1676=AXIS2_PLACEMENT_3D('',#2455,#1925,#1926);
#1677=AXIS2_PLACEMENT_3D('',#2458,#1929,#1930);
#1678=AXIS2_PLACEMENT_3D('',#2461,#1933,#1934);
#1679=AXIS2_PLACEMENT_3D('',#2464,#1937,#1938);
#1680=AXIS2_PLACEMENT_3D('',#2466,#1940,#1941);
#1681=AXIS2_PLACEMENT_3D('',#2469,#1944,#1945);
#1682=AXIS2_PLACEMENT_3D('',#2471,#1947,#1948);
#1683=AXIS2_PLACEMENT_3D('',#2473,#1950,#1951);
#1684=AXIS2_PLACEMENT_3D('',#2475,#1953,#1954);
#1685=AXIS2_PLACEMENT_3D('',#2476,#1955,#1956);
#1686=AXIS2_PLACEMENT_3D('',#2478,#1958,#1959);
#1687=AXIS2_PLACEMENT_3D('',#2480,#1961,#1962);
#1688=AXIS2_PLACEMENT_3D('',#2481,#1963,#1964);
#1689=AXIS2_PLACEMENT_3D('',#2483,#1966,#1967);
#1690=AXIS2_PLACEMENT_3D('',#2484,#1968,#1969);
#1691=AXIS2_PLACEMENT_3D('',#2486,#1971,#1972);
#1692=AXIS2_PLACEMENT_3D('',#2487,#1973,#1974);
#1693=AXIS2_PLACEMENT_3D('',#2489,#1976,#1977);
#1694=AXIS2_PLACEMENT_3D('',#2491,#1979,#1980);
#1695=AXIS2_PLACEMENT_3D('',#2492,#1981,#1982);
#1696=AXIS2_PLACEMENT_3D('',#2494,#1984,#1985);
#1697=AXIS2_PLACEMENT_3D('',#2496,#1987,#1988);
#1698=AXIS2_PLACEMENT_3D('',#2497,#1989,#1990);
#1699=AXIS2_PLACEMENT_3D('',#2499,#1992,#1993);
#1700=AXIS2_PLACEMENT_3D('',#2501,#1995,#1996);
#1701=AXIS2_PLACEMENT_3D('',#2502,#1997,#1998);
#1702=AXIS2_PLACEMENT_3D('',#2504,#2000,#2001);
#1703=AXIS2_PLACEMENT_3D('',#2506,#2003,#2004);
#1704=AXIS2_PLACEMENT_3D('',#2507,#2005,#2006);
#1705=AXIS2_PLACEMENT_3D('',#2509,#2008,#2009);
#1706=AXIS2_PLACEMENT_3D('',#2511,#2011,#2012);
#1707=AXIS2_PLACEMENT_3D('',#2512,#2013,#2014);
#1708=AXIS2_PLACEMENT_3D('',#2515,#2017,#2018);
#1709=AXIS2_PLACEMENT_3D('',#2517,#2020,#2021);
#1710=AXIS2_PLACEMENT_3D('',#2519,#2023,#2024);
#1711=AXIS2_PLACEMENT_3D('',#2520,#2025,#2026);
#1712=AXIS2_PLACEMENT_3D('',#2523,#2029,#2030);
#1713=AXIS2_PLACEMENT_3D('',#2525,#2032,#2033);
#1714=AXIS2_PLACEMENT_3D('',#2527,#2035,#2036);
#1715=AXIS2_PLACEMENT_3D('',#2528,#2037,#2038);
#1716=AXIS2_PLACEMENT_3D('',#2531,#2041,#2042);
#1717=AXIS2_PLACEMENT_3D('',#2533,#2044,#2045);
#1718=AXIS2_PLACEMENT_3D('',#2535,#2047,#2048);
#1719=AXIS2_PLACEMENT_3D('',#2536,#2049,#2050);
#1720=AXIS2_PLACEMENT_3D('',#2539,#2053,#2054);
#1721=AXIS2_PLACEMENT_3D('',#2541,#2056,#2057);
#1722=AXIS2_PLACEMENT_3D('',#2543,#2059,#2060);
#1723=AXIS2_PLACEMENT_3D('',#2544,#2061,#2062);
#1724=AXIS2_PLACEMENT_3D('',#2547,#2065,#2066);
#1725=AXIS2_PLACEMENT_3D('',#2549,#2068,#2069);
#1726=AXIS2_PLACEMENT_3D('',#2551,#2071,#2072);
#1727=AXIS2_PLACEMENT_3D('',#2552,#2073,#2074);
#1728=AXIS2_PLACEMENT_3D('',#2555,#2077,#2078);
#1729=AXIS2_PLACEMENT_3D('',#2557,#2080,#2081);
#1730=AXIS2_PLACEMENT_3D('',#2559,#2083,#2084);
#1731=AXIS2_PLACEMENT_3D('',#2560,#2085,#2086);
#1732=AXIS2_PLACEMENT_3D('',#2563,#2089,#2090);
#1733=AXIS2_PLACEMENT_3D('',#2565,#2092,#2093);
#1734=AXIS2_PLACEMENT_3D('',#2567,#2095,#2096);
#1735=AXIS2_PLACEMENT_3D('',#2568,#2097,#2098);
#1736=AXIS2_PLACEMENT_3D('',#2571,#2101,#2102);
#1737=AXIS2_PLACEMENT_3D('',#2573,#2104,#2105);
#1738=AXIS2_PLACEMENT_3D('',#2575,#2107,#2108);
#1739=AXIS2_PLACEMENT_3D('',#2576,#2109,#2110);
#1740=AXIS2_PLACEMENT_3D('',#2579,#2113,#2114);
#1741=AXIS2_PLACEMENT_3D('',#2581,#2116,#2117);
#1742=AXIS2_PLACEMENT_3D('',#2583,#2119,#2120);
#1743=AXIS2_PLACEMENT_3D('',#2584,#2121,#2122);
#1744=AXIS2_PLACEMENT_3D('',#2587,#2125,#2126);
#1745=AXIS2_PLACEMENT_3D('',#2589,#2128,#2129);
#1746=AXIS2_PLACEMENT_3D('',#2591,#2131,#2132);
#1747=DIRECTION('',(0.,0.,1.));
#1748=DIRECTION('',(1.,0.,0.));
#1749=DIRECTION('',(-1.,0.,0.));
#1750=DIRECTION('',(0.,0.,1.));
#1751=DIRECTION('',(0.,0.,1.));
#1752=DIRECTION('',(0.,-1.,0.));
#1753=DIRECTION('',(0.,0.,1.));
#1754=DIRECTION('',(0.,-1.,0.));
#1755=DIRECTION('',(0.,0.,-1.));
#1756=DIRECTION('',(0.,-1.,0.));
#1757=DIRECTION('',(0.,0.,-1.));
#1758=DIRECTION('',(0.,-1.,0.));
#1759=DIRECTION('',(0.,0.,1.));
#1760=DIRECTION('',(-2.1350442781253E-16,-1.,0.));
#1761=DIRECTION('',(0.,0.,-1.));
#1762=DIRECTION('',(-2.1350442781253E-16,-1.,0.));
#1763=DIRECTION('',(0.,0.,1.));
#1764=DIRECTION('',(-2.1350442781253E-16,-1.,0.));
#1765=DIRECTION('',(0.,0.,1.));
#1766=DIRECTION('',(-2.1350442781253E-16,-1.,0.));
#1767=DIRECTION('',(0.,0.,1.));
#1768=DIRECTION('',(0.,-1.,0.));
#1769=DIRECTION('',(0.,0.,-1.));
#1770=DIRECTION('',(-2.1350442781253E-16,-1.,0.));
#1771=DIRECTION('',(0.,0.,-1.));
#1772=DIRECTION('',(0.,-1.,0.));
#1773=DIRECTION('',(0.,0.,1.));
#1774=DIRECTION('',(2.1350442781253E-16,1.,0.));
#1775=DIRECTION('',(0.,0.,-1.));
#1776=DIRECTION('',(2.1350442781253E-16,1.,0.));
#1777=DIRECTION('',(0.,0.,1.));
#1778=DIRECTION('',(2.1350442781253E-16,1.,0.));
#1779=DIRECTION('',(0.,0.,-1.));
#1780=DIRECTION('',(2.1350442781253E-16,1.,0.));
#1781=DIRECTION('',(0.,0.,1.));
#1782=DIRECTION('',(0.,-1.,0.));
#1783=DIRECTION('',(0.,0.,-1.));
#1784=DIRECTION('',(0.,-1.,0.));
#1785=DIRECTION('',(0.,0.,-1.));
#1786=DIRECTION('',(0.,-1.,0.));
#1787=DIRECTION('',(0.,1.,0.));
#1788=DIRECTION('',(0.,0.,1.));
#1789=DIRECTION('',(0.,-1.,-1.67202262744752E-16));
#1790=DIRECTION('',(0.,0.,-1.));
#1791=DIRECTION('',(0.,0.,1.));
#1792=DIRECTION('',(0.,-1.,-1.67202262744752E-16));
#1793=DIRECTION('',(0.,0.,-1.));
#1794=DIRECTION('',(0.,-1.,0.));
#1795=DIRECTION('',(0.,0.,1.));
#1796=DIRECTION('',(0.,-1.,-1.67202262744752E-16));
#1797=DIRECTION('',(0.,0.,-1.));
#1798=DIRECTION('',(0.,-1.,0.));
#1799=DIRECTION('',(0.,0.,1.));
#1800=DIRECTION('',(0.,-1.,-1.67202262744752E-16));
#1801=DIRECTION('',(0.,0.,-1.));
#1802=DIRECTION('',(0.,-1.,0.));
#1803=DIRECTION('',(0.,0.,1.));
#1804=DIRECTION('',(0.,-1.,-1.67202262744752E-16));
#1805=DIRECTION('',(0.,0.,-1.));
#1806=DIRECTION('',(0.,-1.,0.));
#1807=DIRECTION('',(0.,0.,1.));
#1808=DIRECTION('',(0.,-1.,-1.67202262744752E-16));
#1809=DIRECTION('',(0.,0.,-1.));
#1810=DIRECTION('',(0.,-1.,0.));
#1811=DIRECTION('',(0.,0.,1.));
#1812=DIRECTION('',(0.,-1.,-1.67202262744752E-16));
#1813=DIRECTION('',(0.,0.,-1.));
#1814=DIRECTION('',(0.,-1.,-4.18005656861881E-17));
#1815=DIRECTION('',(0.,0.,1.));
#1816=DIRECTION('',(0.,-1.,-1.67202262744752E-16));
#1817=DIRECTION('',(0.,0.,-1.));
#1818=DIRECTION('',(0.,-1.,-4.18005656861881E-17));
#1819=DIRECTION('',(0.,0.,1.));
#1820=DIRECTION('',(0.,-1.,-1.88102545587846E-16));
#1821=DIRECTION('',(0.,0.,-1.));
#1822=DIRECTION('',(0.,-1.,-4.18005656861881E-17));
#1823=DIRECTION('',(0.,0.,1.));
#1824=DIRECTION('',(0.,-1.,-1.88102545587846E-16));
#1825=DIRECTION('',(0.,0.,-1.));
#1826=DIRECTION('',(0.,-1.,-4.18005656861881E-17));
#1827=DIRECTION('',(-1.,2.1350442781253E-16,0.));
#1828=DIRECTION('',(-2.1350442781253E-16,-1.,0.));
#1829=DIRECTION('',(2.1350442781253E-16,1.,1.88102545587846E-16));
#1830=DIRECTION('',(0.,0.,-1.));
#1831=DIRECTION('',(2.1350442781253E-16,1.,4.18005656861881E-17));
#1832=DIRECTION('',(0.,0.,1.));
#1833=DIRECTION('',(2.1350442781253E-16,1.,1.67202262744752E-16));
#1834=DIRECTION('',(0.,0.,-1.));
#1835=DIRECTION('',(2.1350442781253E-16,1.,4.18005656861881E-17));
#1836=DIRECTION('',(0.,0.,1.));
#1837=DIRECTION('',(2.1350442781253E-16,1.,1.67202262744752E-16));
#1838=DIRECTION('',(0.,0.,-1.));
#1839=DIRECTION('',(2.1350442781253E-16,1.,0.));
#1840=DIRECTION('',(0.,0.,1.));
#1841=DIRECTION('',(2.1350442781253E-16,1.,1.67202262744752E-16));
#1842=DIRECTION('',(0.,0.,-1.));
#1843=DIRECTION('',(2.1350442781253E-16,1.,0.));
#1844=DIRECTION('',(0.,0.,1.));
#1845=DIRECTION('',(0.,0.,-1.));
#1846=DIRECTION('',(-2.1350442781253E-16,-1.,0.));
#1847=DIRECTION('',(0.,0.,1.));
#1848=DIRECTION('',(2.1350442781253E-16,1.,1.67202262744752E-16));
#1849=DIRECTION('',(0.,-1.,0.));
#1850=DIRECTION('',(0.,0.,-1.));
#1851=DIRECTION('',(-2.1350442781253E-16,-1.,0.));
#1852=DIRECTION('',(0.,0.,-1.));
#1853=DIRECTION('',(0.,-1.,0.));
#1854=DIRECTION('',(0.,0.,1.));
#1855=DIRECTION('',(2.1350442781253E-16,1.,0.));
#1856=DIRECTION('',(0.,0.,-1.));
#1857=DIRECTION('',(2.1350442781253E-16,1.,0.));
#1858=DIRECTION('',(0.,0.,1.));
#1859=DIRECTION('',(2.1350442781253E-16,1.,0.));
#1860=DIRECTION('',(0.,0.,-1.));
#1861=DIRECTION('',(2.1350442781253E-16,1.,0.));
#1862=DIRECTION('',(0.,0.,1.));
#1863=DIRECTION('',(-2.1350442781253E-16,-1.,0.));
#1864=DIRECTION('',(0.,0.,-1.));
#1865=DIRECTION('',(-2.1350442781253E-16,-1.,0.));
#1866=DIRECTION('',(0.,0.,-1.));
#1867=DIRECTION('',(-2.1350442781253E-16,-1.,0.));
#1868=DIRECTION('',(0.,0.,1.));
#1869=DIRECTION('',(-2.1350442781253E-16,-1.,0.));
#1870=DIRECTION('',(0.,0.,1.));
#1871=DIRECTION('',(-2.1350442781253E-16,-1.,0.));
#1872=DIRECTION('',(0.,0.,1.));
#1873=DIRECTION('',(-2.1350442781253E-16,-1.,0.));
#1874=DIRECTION('',(0.,0.,-1.));
#1875=DIRECTION('',(-2.1350442781253E-16,-1.,0.));
#1876=DIRECTION('',(0.,0.,1.));
#1877=DIRECTION('',(0.,-1.,0.));
#1878=DIRECTION('',(0.,0.,-1.));
#1879=DIRECTION('',(-2.1350442781253E-16,-1.,0.));
#1880=DIRECTION('',(0.,0.,-1.));
#1881=DIRECTION('',(0.,-1.,0.));
#1882=DIRECTION('',(0.,0.,-1.));
#1883=DIRECTION('',(-2.1350442781253E-16,-1.,0.));
#1884=DIRECTION('',(0.,0.,-1.));
#1885=DIRECTION('',(2.1350442781253E-16,1.,1.67202262744752E-16));
#1886=DIRECTION('',(0.,0.,-1.));
#1887=DIRECTION('',(2.1350442781253E-16,1.,0.));
#1888=DIRECTION('',(0.,0.,1.));
#1889=DIRECTION('',(2.1350442781253E-16,1.,1.67202262744752E-16));
#1890=DIRECTION('',(0.,0.,-1.));
#1891=DIRECTION('',(2.1350442781253E-16,1.,0.));
#1892=DIRECTION('',(0.,0.,1.));
#1893=DIRECTION('',(2.1350442781253E-16,1.,1.67202262744752E-16));
#1894=DIRECTION('',(0.,0.,-1.));
#1895=DIRECTION('',(2.1350442781253E-16,1.,0.));
#1896=DIRECTION('',(0.,0.,1.));
#1897=DIRECTION('',(2.1350442781253E-16,1.,1.67202262744752E-16));
#1898=DIRECTION('',(0.,0.,-1.));
#1899=DIRECTION('',(2.1350442781253E-16,1.,4.18005656861881E-17));
#1900=DIRECTION('',(0.,0.,1.));
#1901=DIRECTION('',(2.1350442781253E-16,1.,1.88102545587846E-16));
#1902=DIRECTION('',(0.,0.,-1.));
#1903=DIRECTION('',(2.1350442781253E-16,1.,4.18005656861881E-17));
#1904=DIRECTION('',(0.,0.,1.));
#1905=DIRECTION('',(0.,0.,-1.));
#1906=DIRECTION('',(1.,0.,0.));
#1907=DIRECTION('',(1.,-2.1350442781253E-16,0.));
#1908=DIRECTION('',(-1.,0.,0.));
#1909=DIRECTION('',(0.,1.,0.));
#1910=DIRECTION('',(0.,0.,1.));
#1911=DIRECTION('',(1.,-2.1350442781253E-16,0.));
#1912=DIRECTION('',(-1.,0.,0.));
#1913=DIRECTION('',(0.,1.,0.));
#1914=DIRECTION('',(0.,0.,1.));
#1915=DIRECTION('',(1.,-2.1350442781253E-16,0.));
#1916=DIRECTION('',(1.,-2.1350442781253E-16,0.));
#1917=DIRECTION('',(0.,-1.,0.));
#1918=DIRECTION('',(0.,0.,-1.));
#1919=DIRECTION('',(1.,-2.1350442781253E-16,0.));
#1920=DIRECTION('',(1.,0.,0.));
#1921=DIRECTION('',(0.,-1.,0.));
#1922=DIRECTION('',(0.,0.,-1.));
#1923=DIRECTION('',(1.,-2.1350442781253E-16,0.));
#1924=DIRECTION('',(1.,-2.1350442781253E-16,0.));
#1925=DIRECTION('',(0.,0.,-1.));
#1926=DIRECTION('',(1.,0.,0.));
#1927=DIRECTION('',(-1.,0.,0.));
#1928=DIRECTION('',(-1.,0.,0.));
#1929=DIRECTION('',(0.,0.,-1.));
#1930=DIRECTION('',(1.,0.,0.));
#1931=DIRECTION('',(1.,0.,0.));
#1932=DIRECTION('',(1.,0.,0.));
#1933=DIRECTION('',(0.,0.,-1.));
#1934=DIRECTION('',(1.,0.,0.));
#1935=DIRECTION('',(1.,0.,0.));
#1936=DIRECTION('',(1.,0.,0.));
#1937=DIRECTION('',(0.,1.,0.));
#1938=DIRECTION('',(0.,0.,1.));
#1939=DIRECTION('',(1.,-2.1350442781253E-16,0.));
#1940=DIRECTION('',(0.,-1.,0.));
#1941=DIRECTION('',(0.,0.,-1.));
#1942=DIRECTION('',(1.,-2.1350442781253E-16,0.));
#1943=DIRECTION('',(1.,0.,0.));
#1944=DIRECTION('',(0.,0.,-1.));
#1945=DIRECTION('',(1.,0.,0.));
#1946=DIRECTION('',(1.,-2.1350442781253E-16,0.));
#1947=DIRECTION('',(0.,1.,0.));
#1948=DIRECTION('',(0.,0.,1.));
#1949=DIRECTION('',(1.,0.,0.));
#1950=DIRECTION('',(0.,-1.,0.));
#1951=DIRECTION('',(0.,0.,-1.));
#1952=DIRECTION('',(-1.,0.,0.));
#1953=DIRECTION('',(0.,0.,-1.));
#1954=DIRECTION('',(1.,0.,0.));
#1955=DIRECTION('',(0.,-1.,0.));
#1956=DIRECTION('',(0.,0.,-1.));
#1957=DIRECTION('',(-1.,0.,0.));
#1958=DIRECTION('',(0.,1.,0.));
#1959=DIRECTION('',(0.,0.,1.));
#1960=DIRECTION('',(1.,0.,0.));
#1961=DIRECTION('',(0.,0.,-1.));
#1962=DIRECTION('',(1.,0.,0.));
#1963=DIRECTION('',(0.,1.,0.));
#1964=DIRECTION('',(0.,0.,1.));
#1965=DIRECTION('',(1.,0.,0.));
#1966=DIRECTION('',(0.,0.,-1.));
#1967=DIRECTION('',(1.,0.,0.));
#1968=DIRECTION('',(0.,0.,-1.));
#1969=DIRECTION('',(1.,0.,0.));
#1970=DIRECTION('',(1.,0.,0.));
#1971=DIRECTION('',(0.,1.,0.));
#1972=DIRECTION('',(0.,0.,1.));
#1973=DIRECTION('',(0.,0.,-1.));
#1974=DIRECTION('',(-1.,0.,0.));
#1975=DIRECTION('',(1.,-2.1350442781253E-16,0.));
#1976=DIRECTION('',(-2.1350442781253E-16,-1.,0.));
#1977=DIRECTION('',(1.,-2.1350442781253E-16,0.));
#1978=DIRECTION('',(1.,-2.1350442781253E-16,0.));
#1979=DIRECTION('',(0.,0.,-1.));
#1980=DIRECTION('',(-1.,0.,0.));
#1981=DIRECTION('',(0.,0.,-1.));
#1982=DIRECTION('',(-1.,0.,0.));
#1983=DIRECTION('',(1.,-2.1350442781253E-16,0.));
#1984=DIRECTION('',(-2.1350442781253E-16,-1.,0.));
#1985=DIRECTION('',(1.,-2.1350442781253E-16,0.));
#1986=DIRECTION('',(1.,-2.1350442781253E-16,0.));
#1987=DIRECTION('',(0.,0.,-1.));
#1988=DIRECTION('',(-1.,0.,0.));
#1989=DIRECTION('',(0.,0.,1.));
#1990=DIRECTION('',(1.,0.,0.));
#1991=DIRECTION('',(1.,-2.1350442781253E-16,0.));
#1992=DIRECTION('',(2.1350442781253E-16,1.,0.));
#1993=DIRECTION('',(-1.,2.1350442781253E-16,0.));
#1994=DIRECTION('',(1.,-2.1350442781253E-16,0.));
#1995=DIRECTION('',(0.,0.,1.));
#1996=DIRECTION('',(1.,0.,0.));
#1997=DIRECTION('',(0.,0.,1.));
#1998=DIRECTION('',(1.,0.,0.));
#1999=DIRECTION('',(1.,-2.1350442781253E-16,0.));
#2000=DIRECTION('',(-2.1350442781253E-16,-1.,0.));
#2001=DIRECTION('',(1.,-2.1350442781253E-16,0.));
#2002=DIRECTION('',(1.,-2.1350442781253E-16,0.));
#2003=DIRECTION('',(0.,0.,1.));
#2004=DIRECTION('',(1.,0.,0.));
#2005=DIRECTION('',(-2.1350442781253E-16,-1.,0.));
#2006=DIRECTION('',(1.,-2.1350442781253E-16,0.));
#2007=DIRECTION('',(1.,-2.1350442781253E-16,0.));
#2008=DIRECTION('',(0.,0.,1.));
#2009=DIRECTION('',(1.,0.,0.));
#2010=DIRECTION('',(1.,-2.1350442781253E-16,0.));
#2011=DIRECTION('',(-2.1350442781253E-16,-1.,0.));
#2012=DIRECTION('',(1.,-2.1350442781253E-16,0.));
#2013=DIRECTION('',(-2.1350442781253E-16,-1.,0.));
#2014=DIRECTION('',(1.,-2.1350442781253E-16,0.));
#2015=DIRECTION('',(1.,-2.1350442781253E-16,0.));
#2016=DIRECTION('',(1.,-2.1350442781253E-16,0.));
#2017=DIRECTION('',(3.56984234362787E-32,1.67202262744752E-16,-1.));
#2018=DIRECTION('',(0.,1.,1.67202262744752E-16));
#2019=DIRECTION('',(1.,-2.1350442781253E-16,0.));
#2020=DIRECTION('',(2.1350442781253E-16,1.,0.));
#2021=DIRECTION('',(-1.,2.1350442781253E-16,0.));
#2022=DIRECTION('',(1.,-2.1350442781253E-16,0.));
#2023=DIRECTION('',(0.,0.,1.));
#2024=DIRECTION('',(1.,0.,0.));
#2025=DIRECTION('',(3.56984234362787E-32,1.67202262744752E-16,-1.));
#2026=DIRECTION('',(0.,1.,1.67202262744752E-16));
#2027=DIRECTION('',(1.,-2.1350442781253E-16,0.));
#2028=DIRECTION('',(1.,-2.1350442781253E-16,0.));
#2029=DIRECTION('',(-2.1350442781253E-16,-1.,0.));
#2030=DIRECTION('',(1.,-2.1350442781253E-16,0.));
#2031=DIRECTION('',(1.,-2.1350442781253E-16,0.));
#2032=DIRECTION('',(2.1350442781253E-16,1.,0.));
#2033=DIRECTION('',(-1.,2.1350442781253E-16,0.));
#2034=DIRECTION('',(1.,-2.1350442781253E-16,0.));
#2035=DIRECTION('',(0.,0.,-1.));
#2036=DIRECTION('',(-1.,0.,0.));
#2037=DIRECTION('',(3.56984234362787E-32,1.67202262744752E-16,-1.));
#2038=DIRECTION('',(0.,1.,1.67202262744752E-16));
#2039=DIRECTION('',(1.,-2.1350442781253E-16,0.));
#2040=DIRECTION('',(1.,-2.1350442781253E-16,0.));
#2041=DIRECTION('',(-2.1350442781253E-16,-1.,0.));
#2042=DIRECTION('',(1.,-2.1350442781253E-16,0.));
#2043=DIRECTION('',(1.,-2.1350442781253E-16,0.));
#2044=DIRECTION('',(2.1350442781253E-16,1.,0.));
#2045=DIRECTION('',(-1.,2.1350442781253E-16,0.));
#2046=DIRECTION('',(1.,-2.1350442781253E-16,0.));
#2047=DIRECTION('',(0.,0.,-1.));
#2048=DIRECTION('',(-1.,0.,0.));
#2049=DIRECTION('',(3.56984234362787E-32,1.67202262744752E-16,-1.));
#2050=DIRECTION('',(0.,1.,1.67202262744752E-16));
#2051=DIRECTION('',(1.,-2.1350442781253E-16,0.));
#2052=DIRECTION('',(1.,-2.1350442781253E-16,0.));
#2053=DIRECTION('',(-2.1350442781253E-16,-1.,0.));
#2054=DIRECTION('',(1.,-2.1350442781253E-16,0.));
#2055=DIRECTION('',(1.,-2.1350442781253E-16,0.));
#2056=DIRECTION('',(2.1350442781253E-16,1.,0.));
#2057=DIRECTION('',(-1.,2.1350442781253E-16,0.));
#2058=DIRECTION('',(1.,-2.1350442781253E-16,0.));
#2059=DIRECTION('',(0.,0.,-1.));
#2060=DIRECTION('',(-1.,0.,0.));
#2061=DIRECTION('',(3.56984234362787E-32,1.67202262744752E-16,-1.));
#2062=DIRECTION('',(0.,1.,1.67202262744752E-16));
#2063=DIRECTION('',(1.,-2.1350442781253E-16,0.));
#2064=DIRECTION('',(1.,-2.1350442781253E-16,0.));
#2065=DIRECTION('',(-2.1350442781253E-16,-1.,0.));
#2066=DIRECTION('',(1.,-2.1350442781253E-16,0.));
#2067=DIRECTION('',(1.,-2.1350442781253E-16,0.));
#2068=DIRECTION('',(2.1350442781253E-16,1.,0.));
#2069=DIRECTION('',(-1.,2.1350442781253E-16,0.));
#2070=DIRECTION('',(1.,-2.1350442781253E-16,0.));
#2071=DIRECTION('',(0.,0.,-1.));
#2072=DIRECTION('',(-1.,0.,0.));
#2073=DIRECTION('',(3.56984234362787E-32,1.67202262744752E-16,-1.));
#2074=DIRECTION('',(0.,1.,1.67202262744752E-16));
#2075=DIRECTION('',(1.,-2.1350442781253E-16,0.));
#2076=DIRECTION('',(1.,-2.1350442781253E-16,0.));
#2077=DIRECTION('',(-2.1350442781253E-16,-1.,0.));
#2078=DIRECTION('',(1.,-2.1350442781253E-16,0.));
#2079=DIRECTION('',(1.,-2.1350442781253E-16,0.));
#2080=DIRECTION('',(2.1350442781253E-16,1.,0.));
#2081=DIRECTION('',(-1.,2.1350442781253E-16,0.));
#2082=DIRECTION('',(1.,-2.1350442781253E-16,0.));
#2083=DIRECTION('',(0.,0.,-1.));
#2084=DIRECTION('',(-1.,0.,0.));
#2085=DIRECTION('',(3.56984234362787E-32,1.67202262744752E-16,-1.));
#2086=DIRECTION('',(0.,1.,1.67202262744752E-16));
#2087=DIRECTION('',(1.,-2.1350442781253E-16,0.));
#2088=DIRECTION('',(1.,-2.1350442781253E-16,0.));
#2089=DIRECTION('',(-2.1350442781253E-16,-1.,0.));
#2090=DIRECTION('',(1.,-2.1350442781253E-16,0.));
#2091=DIRECTION('',(1.,-2.1350442781253E-16,0.));
#2092=DIRECTION('',(2.1350442781253E-16,1.,0.));
#2093=DIRECTION('',(-1.,2.1350442781253E-16,0.));
#2094=DIRECTION('',(1.,-2.1350442781253E-16,0.));
#2095=DIRECTION('',(8.92460585906968E-33,4.18005656861881E-17,-1.));
#2096=DIRECTION('',(0.,1.,4.18005656861881E-17));
#2097=DIRECTION('',(3.56984234362787E-32,1.67202262744752E-16,-1.));
#2098=DIRECTION('',(0.,1.,1.67202262744752E-16));
#2099=DIRECTION('',(1.,-2.1350442781253E-16,0.));
#2100=DIRECTION('',(1.,-2.1350442781253E-16,0.));
#2101=DIRECTION('',(-2.1350442781253E-16,-1.,0.));
#2102=DIRECTION('',(1.,-2.1350442781253E-16,0.));
#2103=DIRECTION('',(1.,-2.1350442781253E-16,0.));
#2104=DIRECTION('',(2.1350442781253E-16,1.,0.));
#2105=DIRECTION('',(-1.,2.1350442781253E-16,0.));
#2106=DIRECTION('',(1.,-2.1350442781253E-16,0.));
#2107=DIRECTION('',(8.92460585906968E-33,4.18005656861881E-17,-1.));
#2108=DIRECTION('',(0.,1.,4.18005656861881E-17));
#2109=DIRECTION('',(4.01607263658135E-32,1.88102545587846E-16,-1.));
#2110=DIRECTION('',(0.,1.,1.88102545587846E-16));
#2111=DIRECTION('',(1.,-2.1350442781253E-16,0.));
#2112=DIRECTION('',(1.,-2.1350442781253E-16,0.));
#2113=DIRECTION('',(-2.1350442781253E-16,-1.,0.));
#2114=DIRECTION('',(1.,-2.1350442781253E-16,0.));
#2115=DIRECTION('',(1.,-2.1350442781253E-16,0.));
#2116=DIRECTION('',(2.1350442781253E-16,1.,0.));
#2117=DIRECTION('',(-1.,2.1350442781253E-16,0.));
#2118=DIRECTION('',(1.,-2.1350442781253E-16,0.));
#2119=DIRECTION('',(8.92460585906968E-33,4.18005656861881E-17,-1.));
#2120=DIRECTION('',(0.,1.,4.18005656861881E-17));
#2121=DIRECTION('',(4.01607263658135E-32,1.88102545587846E-16,-1.));
#2122=DIRECTION('',(0.,1.,1.88102545587846E-16));
#2123=DIRECTION('',(1.,-2.1350442781253E-16,0.));
#2124=DIRECTION('',(1.,-2.1350442781253E-16,0.));
#2125=DIRECTION('',(2.1350442781253E-16,1.,0.));
#2126=DIRECTION('',(-1.,2.1350442781253E-16,0.));
#2127=DIRECTION('',(1.,-2.1350442781253E-16,0.));
#2128=DIRECTION('',(8.92460585906968E-33,4.18005656861881E-17,-1.));
#2129=DIRECTION('',(0.,1.,4.18005656861881E-17));
#2130=DIRECTION('',(1.,-2.1350442781253E-16,0.));
#2131=DIRECTION('',(-2.1350442781253E-16,-1.,0.));
#2132=DIRECTION('',(1.,-2.1350442781253E-16,0.));
#2133=CARTESIAN_POINT('',(0.,0.,0.));
#2134=CARTESIAN_POINT('',(0.065,-0.025,-0.05));
#2135=CARTESIAN_POINT('',(0.065,-0.015,-0.05));
#2136=CARTESIAN_POINT('',(0.065,-0.015,-0.07));
#2137=CARTESIAN_POINT('',(0.065,-0.015,-0.067));
#2138=CARTESIAN_POINT('',(0.065,-0.025,-0.07));
#2139=CARTESIAN_POINT('',(0.065,-0.035,-0.07));
#2140=CARTESIAN_POINT('',(0.065,-0.035,-0.05));
#2141=CARTESIAN_POINT('',(0.065,-0.035,-0.067));
#2142=CARTESIAN_POINT('',(0.065,-0.025,-0.067));
#2143=CARTESIAN_POINT('',(0.065,-0.082,-0.067));
#2144=CARTESIAN_POINT('',(0.065,-0.082,-0.05));
#2145=CARTESIAN_POINT('',(0.065,-0.082,-0.07));
#2146=CARTESIAN_POINT('',(0.065,-0.025,-0.07));
#2147=CARTESIAN_POINT('',(0.065,-0.102,-0.07));
#2148=CARTESIAN_POINT('',(0.065,-0.102,-0.05));
#2149=CARTESIAN_POINT('',(0.065,-0.102,-0.067));
#2150=CARTESIAN_POINT('',(0.065,-0.025,-0.067));
#2151=CARTESIAN_POINT('',(0.065,-0.115,-0.067));
#2152=CARTESIAN_POINT('',(0.065,-0.115,-0.05));
#2153=CARTESIAN_POINT('',(0.065,-0.115,-0.06175));
#2154=CARTESIAN_POINT('',(0.065,-0.1165,-0.06175));
#2155=CARTESIAN_POINT('',(0.065,-0.118,-0.06175));
#2156=CARTESIAN_POINT('',(0.065,-0.118,-0.05675));
#2157=CARTESIAN_POINT('',(0.065,-0.118,-0.04175));
#2158=CARTESIAN_POINT('',(0.065,-0.1165,-0.04175));
#2159=CARTESIAN_POINT('',(0.065,-0.115,-0.04175));
#2160=CARTESIAN_POINT('',(0.065,-0.115,-0.05));
#2161=CARTESIAN_POINT('',(0.065,-0.115,-0.02525));
#2162=CARTESIAN_POINT('',(0.065,-0.1165,-0.02525));
#2163=CARTESIAN_POINT('',(0.065,-0.118,-0.02525));
#2164=CARTESIAN_POINT('',(0.065,-0.118,-0.02025));
#2165=CARTESIAN_POINT('',(0.065,-0.118,-0.00525));
#2166=CARTESIAN_POINT('',(0.065,-0.1165,-0.00525));
#2167=CARTESIAN_POINT('',(0.065,-0.115,-0.00525));
#2168=CARTESIAN_POINT('',(0.065,-0.115,-0.05));
#2169=CARTESIAN_POINT('',(0.065,-0.115,0.));
#2170=CARTESIAN_POINT('',(0.065,-0.025,0.));
#2171=CARTESIAN_POINT('',(0.065,-0.085,0.));
#2172=CARTESIAN_POINT('',(0.065,-0.085,0.0015));
#2173=CARTESIAN_POINT('',(0.065,-0.085,0.003));
#2174=CARTESIAN_POINT('',(0.065,-2.77555756156289E-17,0.003));
#2175=CARTESIAN_POINT('',(0.065,-0.045,0.003));
#2176=CARTESIAN_POINT('',(0.065,-0.045,0.0015));
#2177=CARTESIAN_POINT('',(0.065,-0.045,0.));
#2178=CARTESIAN_POINT('',(0.065,-0.025,0.));
#2179=CARTESIAN_POINT('',(0.065,0.065,0.));
#2180=CARTESIAN_POINT('',(0.065,0.065,-0.05));
#2181=CARTESIAN_POINT('',(0.065,0.065,-0.00525));
#2182=CARTESIAN_POINT('',(0.065,0.0665,-0.00525));
#2183=CARTESIAN_POINT('',(0.065,0.068,-0.00525));
#2184=CARTESIAN_POINT('',(0.065,0.068,-0.01525));
#2185=CARTESIAN_POINT('',(0.065,0.068,-0.02525));
#2186=CARTESIAN_POINT('',(0.065,0.0665,-0.02525));
#2187=CARTESIAN_POINT('',(0.065,0.065,-0.02525));
#2188=CARTESIAN_POINT('',(0.065,0.065,-0.05));
#2189=CARTESIAN_POINT('',(0.065,0.065,-0.04175));
#2190=CARTESIAN_POINT('',(0.065,0.0665,-0.04175));
#2191=CARTESIAN_POINT('',(0.065,0.068,-0.04175));
#2192=CARTESIAN_POINT('',(0.065,0.068,-0.05175));
#2193=CARTESIAN_POINT('',(0.065,0.068,-0.06175));
#2194=CARTESIAN_POINT('',(0.065,0.0665,-0.06175));
#2195=CARTESIAN_POINT('',(0.065,0.065,-0.06175));
#2196=CARTESIAN_POINT('',(0.065,0.065,-0.05));
#2197=CARTESIAN_POINT('',(0.065,0.065,-0.067));
#2198=CARTESIAN_POINT('',(0.065,-0.025,-0.067));
#2199=CARTESIAN_POINT('',(0.065,0.052,-0.067));
#2200=CARTESIAN_POINT('',(0.065,0.052,-0.05));
#2201=CARTESIAN_POINT('',(0.065,0.052,-0.07));
#2202=CARTESIAN_POINT('',(0.065,-0.025,-0.07));
#2203=CARTESIAN_POINT('',(0.065,0.032,-0.07));
#2204=CARTESIAN_POINT('',(0.065,0.032,-0.05));
#2205=CARTESIAN_POINT('',(0.065,0.032,-0.067));
#2206=CARTESIAN_POINT('',(0.065,-0.025,-0.067));
#2207=CARTESIAN_POINT('',(0.065,-0.025,-0.06));
#2208=CARTESIAN_POINT('',(0.065,-0.108,-0.06));
#2209=CARTESIAN_POINT('',(0.065,0.058,-0.06));
#2210=CARTESIAN_POINT('',(0.065,0.058,-0.05));
#2211=CARTESIAN_POINT('',(0.065,0.058,-0.057508));
#2212=CARTESIAN_POINT('',(0.065,-0.025,-0.057508));
#2213=CARTESIAN_POINT('',(0.065,-0.108,-0.057508));
#2214=CARTESIAN_POINT('',(0.065,-0.108,-0.05));
#2215=CARTESIAN_POINT('',(0.065,0.058,-0.05));
#2216=CARTESIAN_POINT('',(0.065,0.058,-0.054396));
#2217=CARTESIAN_POINT('',(0.065,0.058,-0.051896));
#2218=CARTESIAN_POINT('',(0.065,-0.025,-0.051896));
#2219=CARTESIAN_POINT('',(0.065,-0.108,-0.051896));
#2220=CARTESIAN_POINT('',(0.065,-0.108,-0.05));
#2221=CARTESIAN_POINT('',(0.065,-0.108,-0.054396));
#2222=CARTESIAN_POINT('',(0.065,-0.025,-0.054396));
#2223=CARTESIAN_POINT('',(0.065,0.058,-0.05));
#2224=CARTESIAN_POINT('',(0.065,0.058,-0.048784));
#2225=CARTESIAN_POINT('',(0.065,0.058,-0.046284));
#2226=CARTESIAN_POINT('',(0.065,-0.025,-0.046284));
#2227=CARTESIAN_POINT('',(0.065,-0.108,-0.046284));
#2228=CARTESIAN_POINT('',(0.065,-0.108,-0.05));
#2229=CARTESIAN_POINT('',(0.065,-0.108,-0.048784));
#2230=CARTESIAN_POINT('',(0.065,-0.025,-0.048784));
#2231=CARTESIAN_POINT('',(0.065,0.058,-0.05));
#2232=CARTESIAN_POINT('',(0.065,0.058,-0.043172));
#2233=CARTESIAN_POINT('',(0.065,0.058,-0.040672));
#2234=CARTESIAN_POINT('',(0.065,-0.025,-0.040672));
#2235=CARTESIAN_POINT('',(0.065,-0.108,-0.040672));
#2236=CARTESIAN_POINT('',(0.065,-0.108,-0.05));
#2237=CARTESIAN_POINT('',(0.065,-0.108,-0.043172));
#2238=CARTESIAN_POINT('',(0.065,-0.025,-0.043172));
#2239=CARTESIAN_POINT('',(0.065,0.058,-0.05));
#2240=CARTESIAN_POINT('',(0.065,0.058,-0.03756));
#2241=CARTESIAN_POINT('',(0.065,0.058,-0.03506));
#2242=CARTESIAN_POINT('',(0.065,-0.025,-0.03506));
#2243=CARTESIAN_POINT('',(0.065,-0.108,-0.03506));
#2244=CARTESIAN_POINT('',(0.065,-0.108,-0.05));
#2245=CARTESIAN_POINT('',(0.065,-0.108,-0.03756));
#2246=CARTESIAN_POINT('',(0.065,-0.025,-0.03756));
#2247=CARTESIAN_POINT('',(0.065,0.058,-0.05));
#2248=CARTESIAN_POINT('',(0.065,0.058,-0.031948));
#2249=CARTESIAN_POINT('',(0.065,0.058,-0.029448));
#2250=CARTESIAN_POINT('',(0.065,-0.025,-0.029448));
#2251=CARTESIAN_POINT('',(0.065,-0.108,-0.029448));
#2252=CARTESIAN_POINT('',(0.065,-0.108,-0.05));
#2253=CARTESIAN_POINT('',(0.065,-0.108,-0.031948));
#2254=CARTESIAN_POINT('',(0.065,-0.025,-0.031948));
#2255=CARTESIAN_POINT('',(0.065,0.058,-0.05));
#2256=CARTESIAN_POINT('',(0.065,0.058,-0.026336));
#2257=CARTESIAN_POINT('',(0.065,0.058,-0.023836));
#2258=CARTESIAN_POINT('',(0.065,-0.025,-0.023836));
#2259=CARTESIAN_POINT('',(0.065,-0.108,-0.023836));
#2260=CARTESIAN_POINT('',(0.065,-0.108,-0.05));
#2261=CARTESIAN_POINT('',(0.065,-0.108,-0.026336));
#2262=CARTESIAN_POINT('',(0.065,-0.025,-0.026336));
#2263=CARTESIAN_POINT('',(0.065,0.058,-0.05));
#2264=CARTESIAN_POINT('',(0.065,0.058,-0.020724));
#2265=CARTESIAN_POINT('',(0.065,0.058,-0.018224));
#2266=CARTESIAN_POINT('',(0.065,-0.025,-0.018224));
#2267=CARTESIAN_POINT('',(0.065,-0.108,-0.018224));
#2268=CARTESIAN_POINT('',(0.065,-0.108,-0.05));
#2269=CARTESIAN_POINT('',(0.065,-0.108,-0.020724));
#2270=CARTESIAN_POINT('',(0.065,-0.025,-0.020724));
#2271=CARTESIAN_POINT('',(0.065,0.058,-0.05));
#2272=CARTESIAN_POINT('',(0.065,0.058,-0.015112));
#2273=CARTESIAN_POINT('',(0.065,0.058,-0.012612));
#2274=CARTESIAN_POINT('',(0.065,-0.025,-0.012612));
#2275=CARTESIAN_POINT('',(0.065,-0.108,-0.012612));
#2276=CARTESIAN_POINT('',(0.065,-0.108,-0.05));
#2277=CARTESIAN_POINT('',(0.065,-0.108,-0.015112));
#2278=CARTESIAN_POINT('',(0.065,-0.025,-0.015112));
#2279=CARTESIAN_POINT('',(0.065,0.058,-0.05));
#2280=CARTESIAN_POINT('',(0.065,0.058,-0.0095));
#2281=CARTESIAN_POINT('',(0.065,0.058,-0.007));
#2282=CARTESIAN_POINT('',(0.065,-0.025,-0.007));
#2283=CARTESIAN_POINT('',(0.065,-0.108,-0.007));
#2284=CARTESIAN_POINT('',(0.065,-0.108,-0.05));
#2285=CARTESIAN_POINT('',(0.065,-0.108,-0.0095));
#2286=CARTESIAN_POINT('',(0.065,-0.025,-0.0095));
#2287=CARTESIAN_POINT('',(0.068,-6.4051328343759E-19,-0.05));
#2288=CARTESIAN_POINT('',(0.068,-0.025,-0.012612));
#2289=CARTESIAN_POINT('',(0.068,-0.108,-0.012612));
#2290=CARTESIAN_POINT('',(0.068,0.058,-0.012612));
#2291=CARTESIAN_POINT('',(0.068,0.058,-0.013862));
#2292=CARTESIAN_POINT('',(0.068,0.058,-0.015112));
#2293=CARTESIAN_POINT('',(0.068,-0.025,-0.015112));
#2294=CARTESIAN_POINT('',(0.068,-0.108,-0.015112));
#2295=CARTESIAN_POINT('',(0.068,-0.108,-0.013862));
#2296=CARTESIAN_POINT('',(0.068,-0.025,-0.023836));
#2297=CARTESIAN_POINT('',(0.068,-0.108,-0.023836));
#2298=CARTESIAN_POINT('',(0.068,0.058,-0.023836));
#2299=CARTESIAN_POINT('',(0.068,0.058,-0.025086));
#2300=CARTESIAN_POINT('',(0.068,0.058,-0.026336));
#2301=CARTESIAN_POINT('',(0.068,-0.025,-0.026336));
#2302=CARTESIAN_POINT('',(0.068,-0.108,-0.026336));
#2303=CARTESIAN_POINT('',(0.068,-0.108,-0.025086));
#2304=CARTESIAN_POINT('',(0.068,-0.025,-0.03506));
#2305=CARTESIAN_POINT('',(0.068,-0.108,-0.03506));
#2306=CARTESIAN_POINT('',(0.068,0.058,-0.03506));
#2307=CARTESIAN_POINT('',(0.068,0.058,-0.03631));
#2308=CARTESIAN_POINT('',(0.068,0.058,-0.03756));
#2309=CARTESIAN_POINT('',(0.068,-0.025,-0.03756));
#2310=CARTESIAN_POINT('',(0.068,-0.108,-0.03756));
#2311=CARTESIAN_POINT('',(0.068,-0.108,-0.03631));
#2312=CARTESIAN_POINT('',(0.068,-0.025,-0.046284));
#2313=CARTESIAN_POINT('',(0.068,-0.108,-0.046284));
#2314=CARTESIAN_POINT('',(0.068,0.058,-0.046284));
#2315=CARTESIAN_POINT('',(0.068,0.058,-0.047534));
#2316=CARTESIAN_POINT('',(0.068,0.058,-0.048784));
#2317=CARTESIAN_POINT('',(0.068,-0.025,-0.048784));
#2318=CARTESIAN_POINT('',(0.068,-0.108,-0.048784));
#2319=CARTESIAN_POINT('',(0.068,-0.108,-0.047534));
#2320=CARTESIAN_POINT('',(0.068,0.058,-0.058754));
#2321=CARTESIAN_POINT('',(0.068,0.058,-0.057508));
#2322=CARTESIAN_POINT('',(0.068,0.058,-0.06));
#2323=CARTESIAN_POINT('',(0.068,-0.025,-0.06));
#2324=CARTESIAN_POINT('',(0.068,-0.108,-0.06));
#2325=CARTESIAN_POINT('',(0.068,-0.108,-0.058754));
#2326=CARTESIAN_POINT('',(0.068,-0.108,-0.057508));
#2327=CARTESIAN_POINT('',(0.068,-0.025,-0.057508));
#2328=CARTESIAN_POINT('',(0.068,-0.025,-0.067));
#2329=CARTESIAN_POINT('',(0.068,0.032,-0.067));
#2330=CARTESIAN_POINT('',(0.068,-0.015,-0.067));
#2331=CARTESIAN_POINT('',(0.068,0.032,-0.067));
#2332=CARTESIAN_POINT('',(0.068,0.032,-0.07));
#2333=CARTESIAN_POINT('',(0.068,-6.4051328343759E-19,-0.07));
#2334=CARTESIAN_POINT('',(0.068,0.052,-0.07));
#2335=CARTESIAN_POINT('',(0.068,0.052,-0.067));
#2336=CARTESIAN_POINT('',(0.068,0.052,-0.067));
#2337=CARTESIAN_POINT('',(0.068,-0.025,-0.067));
#2338=CARTESIAN_POINT('',(0.068,0.065,-0.067));
#2339=CARTESIAN_POINT('',(0.068,0.065,-0.05));
#2340=CARTESIAN_POINT('',(0.068,0.065,-0.06175));
#2341=CARTESIAN_POINT('',(0.068,0.0665,-0.06175));
#2342=CARTESIAN_POINT('',(0.068,0.068,-0.06175));
#2343=CARTESIAN_POINT('',(0.068,0.068,-0.05175));
#2344=CARTESIAN_POINT('',(0.068,0.068,-0.04175));
#2345=CARTESIAN_POINT('',(0.068,0.0665,-0.04175));
#2346=CARTESIAN_POINT('',(0.068,0.065,-0.04175));
#2347=CARTESIAN_POINT('',(0.068,0.065,-0.05));
#2348=CARTESIAN_POINT('',(0.068,0.065,-0.02525));
#2349=CARTESIAN_POINT('',(0.068,0.0665,-0.02525));
#2350=CARTESIAN_POINT('',(0.068,0.068,-0.02525));
#2351=CARTESIAN_POINT('',(0.068,0.068,-0.01525));
#2352=CARTESIAN_POINT('',(0.068,0.068,-0.00525));
#2353=CARTESIAN_POINT('',(0.068,0.0665,-0.00525));
#2354=CARTESIAN_POINT('',(0.068,0.065,-0.00525));
#2355=CARTESIAN_POINT('',(0.068,0.065,-0.05));
#2356=CARTESIAN_POINT('',(0.068,0.065,0.));
#2357=CARTESIAN_POINT('',(0.068,-6.4051328343759E-19,0.));
#2358=CARTESIAN_POINT('',(0.068,-0.045,0.));
#2359=CARTESIAN_POINT('',(0.068,-0.045,0.0015));
#2360=CARTESIAN_POINT('',(0.068,-0.045,0.003));
#2361=CARTESIAN_POINT('',(0.068,-2.83960888990665E-17,0.003));
#2362=CARTESIAN_POINT('',(0.068,-0.085,0.003));
#2363=CARTESIAN_POINT('',(0.068,-0.085,0.0015));
#2364=CARTESIAN_POINT('',(0.068,-0.085,0.));
#2365=CARTESIAN_POINT('',(0.068,-6.4051328343759E-19,0.));
#2366=CARTESIAN_POINT('',(0.068,-0.115,0.));
#2367=CARTESIAN_POINT('',(0.068,-0.115,-0.05));
#2368=CARTESIAN_POINT('',(0.068,-0.115,-0.00525));
#2369=CARTESIAN_POINT('',(0.068,-0.1165,-0.00525));
#2370=CARTESIAN_POINT('',(0.068,-0.118,-0.00525));
#2371=CARTESIAN_POINT('',(0.068,-0.118,-0.02025));
#2372=CARTESIAN_POINT('',(0.068,-0.118,-0.02525));
#2373=CARTESIAN_POINT('',(0.068,-0.1165,-0.02525));
#2374=CARTESIAN_POINT('',(0.068,-0.115,-0.02525));
#2375=CARTESIAN_POINT('',(0.068,-0.115,-0.05));
#2376=CARTESIAN_POINT('',(0.068,-0.115,-0.04175));
#2377=CARTESIAN_POINT('',(0.068,-0.1165,-0.04175));
#2378=CARTESIAN_POINT('',(0.068,-0.118,-0.04175));
#2379=CARTESIAN_POINT('',(0.068,-0.118,-0.05675));
#2380=CARTESIAN_POINT('',(0.068,-0.118,-0.06175));
#2381=CARTESIAN_POINT('',(0.068,-0.1165,-0.06175));
#2382=CARTESIAN_POINT('',(0.068,-0.115,-0.06175));
#2383=CARTESIAN_POINT('',(0.068,-0.115,-0.05));
#2384=CARTESIAN_POINT('',(0.068,-0.115,-0.067));
#2385=CARTESIAN_POINT('',(0.068,-0.025,-0.067));
#2386=CARTESIAN_POINT('',(0.068,-0.102,-0.067));
#2387=CARTESIAN_POINT('',(0.068,-0.102,-0.067));
#2388=CARTESIAN_POINT('',(0.068,-0.102,-0.07));
#2389=CARTESIAN_POINT('',(0.068,-6.4051328343759E-19,-0.07));
#2390=CARTESIAN_POINT('',(0.068,-0.082,-0.07));
#2391=CARTESIAN_POINT('',(0.068,-0.082,-0.067));
#2392=CARTESIAN_POINT('',(0.068,-0.082,-0.067));
#2393=CARTESIAN_POINT('',(0.068,-0.025,-0.067));
#2394=CARTESIAN_POINT('',(0.068,-0.035,-0.067));
#2395=CARTESIAN_POINT('',(0.068,-0.035,-0.067));
#2396=CARTESIAN_POINT('',(0.068,-0.035,-0.07));
#2397=CARTESIAN_POINT('',(0.068,-6.4051328343759E-19,-0.07));
#2398=CARTESIAN_POINT('',(0.068,-0.015,-0.07));
#2399=CARTESIAN_POINT('',(0.068,-0.015,-0.067));
#2400=CARTESIAN_POINT('',(0.068,-0.025,-0.051896));
#2401=CARTESIAN_POINT('',(0.068,-0.108,-0.051896));
#2402=CARTESIAN_POINT('',(0.068,0.058,-0.051896));
#2403=CARTESIAN_POINT('',(0.068,0.058,-0.053146));
#2404=CARTESIAN_POINT('',(0.068,0.058,-0.054396));
#2405=CARTESIAN_POINT('',(0.068,-0.025,-0.054396));
#2406=CARTESIAN_POINT('',(0.068,-0.108,-0.054396));
#2407=CARTESIAN_POINT('',(0.068,-0.108,-0.053146));
#2408=CARTESIAN_POINT('',(0.068,-0.025,-0.040672));
#2409=CARTESIAN_POINT('',(0.068,-0.108,-0.040672));
#2410=CARTESIAN_POINT('',(0.068,0.058,-0.040672));
#2411=CARTESIAN_POINT('',(0.068,0.058,-0.041922));
#2412=CARTESIAN_POINT('',(0.068,0.058,-0.043172));
#2413=CARTESIAN_POINT('',(0.068,-0.025,-0.043172));
#2414=CARTESIAN_POINT('',(0.068,-0.108,-0.043172));
#2415=CARTESIAN_POINT('',(0.068,-0.108,-0.041922));
#2416=CARTESIAN_POINT('',(0.068,-0.025,-0.029448));
#2417=CARTESIAN_POINT('',(0.068,-0.108,-0.029448));
#2418=CARTESIAN_POINT('',(0.068,0.058,-0.029448));
#2419=CARTESIAN_POINT('',(0.068,0.058,-0.030698));
#2420=CARTESIAN_POINT('',(0.068,0.058,-0.031948));
#2421=CARTESIAN_POINT('',(0.068,-0.025,-0.031948));
#2422=CARTESIAN_POINT('',(0.068,-0.108,-0.031948));
#2423=CARTESIAN_POINT('',(0.068,-0.108,-0.030698));
#2424=CARTESIAN_POINT('',(0.068,-0.025,-0.018224));
#2425=CARTESIAN_POINT('',(0.068,-0.108,-0.018224));
#2426=CARTESIAN_POINT('',(0.068,0.058,-0.018224));
#2427=CARTESIAN_POINT('',(0.068,0.058,-0.019474));
#2428=CARTESIAN_POINT('',(0.068,0.058,-0.020724));
#2429=CARTESIAN_POINT('',(0.068,-0.025,-0.020724));
#2430=CARTESIAN_POINT('',(0.068,-0.108,-0.020724));
#2431=CARTESIAN_POINT('',(0.068,-0.108,-0.019474));
#2432=CARTESIAN_POINT('',(0.068,-0.025,-0.007));
#2433=CARTESIAN_POINT('',(0.068,-0.108,-0.007));
#2434=CARTESIAN_POINT('',(0.068,0.058,-0.007));
#2435=CARTESIAN_POINT('',(0.068,0.058,-0.00825));
#2436=CARTESIAN_POINT('',(0.068,0.058,-0.0095));
#2437=CARTESIAN_POINT('',(0.068,-0.025,-0.0095));
#2438=CARTESIAN_POINT('',(0.068,-0.108,-0.0095));
#2439=CARTESIAN_POINT('',(0.068,-0.108,-0.00825));
#2440=CARTESIAN_POINT('',(0.,-0.0235,0.));
#2441=CARTESIAN_POINT('',(0.065,-0.085,0.));
#2442=CARTESIAN_POINT('',(0.0665,-0.115,0.));
#2443=CARTESIAN_POINT('',(0.0665,-0.115,-0.05));
#2444=CARTESIAN_POINT('',(0.065,-0.115,-0.06175));
#2445=CARTESIAN_POINT('',(0.0665,-0.115,-0.067));
#2446=CARTESIAN_POINT('',(0.0665,-0.115,-0.05));
#2447=CARTESIAN_POINT('',(0.065,-0.115,-0.04175));
#2448=CARTESIAN_POINT('',(0.065,-0.115,-0.02525));
#2449=CARTESIAN_POINT('',(0.0665,0.065,-0.05));
#2450=CARTESIAN_POINT('',(0.065,0.065,-0.00525));
#2451=CARTESIAN_POINT('',(0.0665,0.065,0.));
#2452=CARTESIAN_POINT('',(0.0665,0.065,-0.05));
#2453=CARTESIAN_POINT('',(0.065,0.065,-0.02525));
#2454=CARTESIAN_POINT('',(0.065,0.065,-0.04175));
#2455=CARTESIAN_POINT('',(0.,-0.0235,-0.07));
#2456=CARTESIAN_POINT('',(0.065,-0.015,-0.07));
#2457=CARTESIAN_POINT('',(0.065,-0.035,-0.07));
#2458=CARTESIAN_POINT('',(0.,-0.0235,-0.07));
#2459=CARTESIAN_POINT('',(0.065,0.032,-0.07));
#2460=CARTESIAN_POINT('',(0.065,0.052,-0.07));
#2461=CARTESIAN_POINT('',(0.,-0.0235,-0.07));
#2462=CARTESIAN_POINT('',(0.065,-0.082,-0.07));
#2463=CARTESIAN_POINT('',(0.065,-0.102,-0.07));
#2464=CARTESIAN_POINT('',(0.0665,-0.115,-0.05));
#2465=CARTESIAN_POINT('',(0.065,-0.115,-0.00525));
#2466=CARTESIAN_POINT('',(0.0665,0.065,-0.05));
#2467=CARTESIAN_POINT('',(0.065,0.065,-0.06175));
#2468=CARTESIAN_POINT('',(0.0665,0.065,-0.067));
#2469=CARTESIAN_POINT('',(0.,-0.0235,0.));
#2470=CARTESIAN_POINT('',(0.065,-0.045,0.));
#2471=CARTESIAN_POINT('',(0.065,-0.082,-0.067));
#2472=CARTESIAN_POINT('',(0.065,-0.082,-0.067));
#2473=CARTESIAN_POINT('',(0.065,-0.035,-0.067));
#2474=CARTESIAN_POINT('',(0.065,-0.035,-0.067));
#2475=CARTESIAN_POINT('',(0.,-0.025,-0.067));
#2476=CARTESIAN_POINT('',(0.065,-0.015,-0.067));
#2477=CARTESIAN_POINT('',(0.065,-0.015,-0.067));
#2478=CARTESIAN_POINT('',(0.065,0.032,-0.067));
#2479=CARTESIAN_POINT('',(0.065,0.032,-0.067));
#2480=CARTESIAN_POINT('',(0.,-0.025,-0.067));
#2481=CARTESIAN_POINT('',(0.065,0.052,-0.067));
#2482=CARTESIAN_POINT('',(0.065,0.052,-0.067));
#2483=CARTESIAN_POINT('',(0.,-0.025,-0.067));
#2484=CARTESIAN_POINT('',(0.,-0.025,-0.067));
#2485=CARTESIAN_POINT('',(0.065,-0.102,-0.067));
#2486=CARTESIAN_POINT('',(0.065,-0.102,-0.067));
#2487=CARTESIAN_POINT('',(0.065,0.0665,-0.06175));
#2488=CARTESIAN_POINT('',(0.065,0.068,-0.06175));
#2489=CARTESIAN_POINT('',(0.065,0.068,-0.05175));
#2490=CARTESIAN_POINT('',(0.065,0.068,-0.04175));
#2491=CARTESIAN_POINT('',(0.065,0.0665,-0.04175));
#2492=CARTESIAN_POINT('',(0.065,0.0665,-0.02525));
#2493=CARTESIAN_POINT('',(0.065,0.068,-0.02525));
#2494=CARTESIAN_POINT('',(0.065,0.068,-0.01525));
#2495=CARTESIAN_POINT('',(0.065,0.068,-0.00525));
#2496=CARTESIAN_POINT('',(0.065,0.0665,-0.00525));
#2497=CARTESIAN_POINT('',(0.065,-0.1165,-0.00525));
#2498=CARTESIAN_POINT('',(0.065,-0.118,-0.00525));
#2499=CARTESIAN_POINT('',(0.065,-0.118,-0.02025));
#2500=CARTESIAN_POINT('',(0.065,-0.118,-0.02525));
#2501=CARTESIAN_POINT('',(0.065,-0.1165,-0.02525));
#2502=CARTESIAN_POINT('',(0.065,-0.1165,-0.04175));
#2503=CARTESIAN_POINT('',(0.065,-0.118,-0.04175));
#2504=CARTESIAN_POINT('',(0.065,-0.118,-0.05675));
#2505=CARTESIAN_POINT('',(0.065,-0.118,-0.06175));
#2506=CARTESIAN_POINT('',(0.065,-0.1165,-0.06175));
#2507=CARTESIAN_POINT('',(0.065,-0.045,0.0015));
#2508=CARTESIAN_POINT('',(0.065,-0.045,0.003));
#2509=CARTESIAN_POINT('',(0.065,-2.77555756156289E-17,0.003));
#2510=CARTESIAN_POINT('',(0.065,-0.085,0.003));
#2511=CARTESIAN_POINT('',(0.065,-0.085,0.0015));
#2512=CARTESIAN_POINT('',(-0.068002,0.058,-0.058754));
#2513=CARTESIAN_POINT('',(-0.068002,0.058,-0.06));
#2514=CARTESIAN_POINT('',(-0.068002,0.058,-0.057508));
#2515=CARTESIAN_POINT('',(-0.068002,-0.025,-0.057508));
#2516=CARTESIAN_POINT('',(-0.068002,-0.108,-0.057508));
#2517=CARTESIAN_POINT('',(-0.068002,-0.108,-0.058754));
#2518=CARTESIAN_POINT('',(-0.068002,-0.108,-0.06));
#2519=CARTESIAN_POINT('',(-0.068002,-0.025,-0.06));
#2520=CARTESIAN_POINT('',(-0.068002,-0.025,-0.051896));
#2521=CARTESIAN_POINT('',(-0.068002,0.058,-0.051896));
#2522=CARTESIAN_POINT('',(-0.068002,-0.108,-0.051896));
#2523=CARTESIAN_POINT('',(-0.068002,0.058,-0.053146));
#2524=CARTESIAN_POINT('',(-0.068002,0.058,-0.054396));
#2525=CARTESIAN_POINT('',(-0.068002,-0.108,-0.053146));
#2526=CARTESIAN_POINT('',(-0.068002,-0.108,-0.054396));
#2527=CARTESIAN_POINT('',(-0.068002,-0.025,-0.054396));
#2528=CARTESIAN_POINT('',(-0.068002,-0.025,-0.046284));
#2529=CARTESIAN_POINT('',(-0.068002,0.058,-0.046284));
#2530=CARTESIAN_POINT('',(-0.068002,-0.108,-0.046284));
#2531=CARTESIAN_POINT('',(-0.068002,0.058,-0.047534));
#2532=CARTESIAN_POINT('',(-0.068002,0.058,-0.048784));
#2533=CARTESIAN_POINT('',(-0.068002,-0.108,-0.047534));
#2534=CARTESIAN_POINT('',(-0.068002,-0.108,-0.048784));
#2535=CARTESIAN_POINT('',(-0.068002,-0.025,-0.048784));
#2536=CARTESIAN_POINT('',(-0.068002,-0.025,-0.040672));
#2537=CARTESIAN_POINT('',(-0.068002,0.058,-0.040672));
#2538=CARTESIAN_POINT('',(-0.068002,-0.108,-0.040672));
#2539=CARTESIAN_POINT('',(-0.068002,0.058,-0.041922));
#2540=CARTESIAN_POINT('',(-0.068002,0.058,-0.043172));
#2541=CARTESIAN_POINT('',(-0.068002,-0.108,-0.041922));
#2542=CARTESIAN_POINT('',(-0.068002,-0.108,-0.043172));
#2543=CARTESIAN_POINT('',(-0.068002,-0.025,-0.043172));
#2544=CARTESIAN_POINT('',(-0.068002,-0.025,-0.03506));
#2545=CARTESIAN_POINT('',(-0.068002,0.058,-0.03506));
#2546=CARTESIAN_POINT('',(-0.068002,-0.108,-0.03506));
#2547=CARTESIAN_POINT('',(-0.068002,0.058,-0.03631));
#2548=CARTESIAN_POINT('',(-0.068002,0.058,-0.03756));
#2549=CARTESIAN_POINT('',(-0.068002,-0.108,-0.03631));
#2550=CARTESIAN_POINT('',(-0.068002,-0.108,-0.03756));
#2551=CARTESIAN_POINT('',(-0.068002,-0.025,-0.03756));
#2552=CARTESIAN_POINT('',(-0.068002,-0.025,-0.029448));
#2553=CARTESIAN_POINT('',(-0.068002,0.058,-0.029448));
#2554=CARTESIAN_POINT('',(-0.068002,-0.108,-0.029448));
#2555=CARTESIAN_POINT('',(-0.068002,0.058,-0.030698));
#2556=CARTESIAN_POINT('',(-0.068002,0.058,-0.031948));
#2557=CARTESIAN_POINT('',(-0.068002,-0.108,-0.030698));
#2558=CARTESIAN_POINT('',(-0.068002,-0.108,-0.031948));
#2559=CARTESIAN_POINT('',(-0.068002,-0.025,-0.031948));
#2560=CARTESIAN_POINT('',(-0.068002,-0.025,-0.023836));
#2561=CARTESIAN_POINT('',(-0.068002,0.058,-0.023836));
#2562=CARTESIAN_POINT('',(-0.068002,-0.108,-0.023836));
#2563=CARTESIAN_POINT('',(-0.068002,0.058,-0.025086));
#2564=CARTESIAN_POINT('',(-0.068002,0.058,-0.026336));
#2565=CARTESIAN_POINT('',(-0.068002,-0.108,-0.025086));
#2566=CARTESIAN_POINT('',(-0.068002,-0.108,-0.026336));
#2567=CARTESIAN_POINT('',(-0.068002,-0.025,-0.026336));
#2568=CARTESIAN_POINT('',(-0.068002,-0.025,-0.018224));
#2569=CARTESIAN_POINT('',(-0.068002,0.058,-0.018224));
#2570=CARTESIAN_POINT('',(-0.068002,-0.108,-0.018224));
#2571=CARTESIAN_POINT('',(-0.068002,0.058,-0.019474));
#2572=CARTESIAN_POINT('',(-0.068002,0.058,-0.020724));
#2573=CARTESIAN_POINT('',(-0.068002,-0.108,-0.019474));
#2574=CARTESIAN_POINT('',(-0.068002,-0.108,-0.020724));
#2575=CARTESIAN_POINT('',(-0.068002,-0.025,-0.020724));
#2576=CARTESIAN_POINT('',(-0.068002,-0.025,-0.012612));
#2577=CARTESIAN_POINT('',(-0.068002,0.058,-0.012612));
#2578=CARTESIAN_POINT('',(-0.068002,-0.108,-0.012612));
#2579=CARTESIAN_POINT('',(-0.068002,0.058,-0.013862));
#2580=CARTESIAN_POINT('',(-0.068002,0.058,-0.015112));
#2581=CARTESIAN_POINT('',(-0.068002,-0.108,-0.013862));
#2582=CARTESIAN_POINT('',(-0.068002,-0.108,-0.015112));
#2583=CARTESIAN_POINT('',(-0.068002,-0.025,-0.015112));
#2584=CARTESIAN_POINT('',(-0.068002,-0.025,-0.007));
#2585=CARTESIAN_POINT('',(-0.068002,0.058,-0.007));
#2586=CARTESIAN_POINT('',(-0.068002,-0.108,-0.007));
#2587=CARTESIAN_POINT('',(-0.068002,-0.108,-0.00825));
#2588=CARTESIAN_POINT('',(-0.068002,-0.108,-0.0095));
#2589=CARTESIAN_POINT('',(-0.068002,-0.025,-0.0095));
#2590=CARTESIAN_POINT('',(-0.068002,0.058,-0.0095));
#2591=CARTESIAN_POINT('',(-0.068002,0.058,-0.00825));
#2592=MECHANICAL_DESIGN_GEOMETRIC_PRESENTATION_REPRESENTATION('',(#1657),
#2593);
#2593=(
GEOMETRIC_REPRESENTATION_CONTEXT(3)
GLOBAL_UNCERTAINTY_ASSIGNED_CONTEXT((#2594))
GLOBAL_UNIT_ASSIGNED_CONTEXT((#2597,#2596,#2595))
REPRESENTATION_CONTEXT('Part 11','TOP_LEVEL_ASSEMBLY_PART')
);
#2594=UNCERTAINTY_MEASURE_WITH_UNIT(LENGTH_MEASURE(1.E-8),#2597,
'DISTANCE_ACCURACY_VALUE','Maximum Tolerance applied to model');
#2595=(
NAMED_UNIT(*)
SI_UNIT($,.STERADIAN.)
SOLID_ANGLE_UNIT()
);
#2596=(
NAMED_UNIT(*)
PLANE_ANGLE_UNIT()
SI_UNIT($,.RADIAN.)
);
#2597=(
LENGTH_UNIT()
NAMED_UNIT(*)
SI_UNIT($,.METRE.)
);
#2598=PRODUCT_DEFINITION_SHAPE('','',#2599);
#2599=PRODUCT_DEFINITION('','',#2601,#2600);
#2600=PRODUCT_DEFINITION_CONTEXT('',#2607,'design');
#2601=PRODUCT_DEFINITION_FORMATION_WITH_SPECIFIED_SOURCE('','',#2603,
 .NOT_KNOWN.);
#2602=PRODUCT_RELATED_PRODUCT_CATEGORY('','',(#2603));
#2603=PRODUCT('Part 11','Part 11','Part 11',(#2605));
#2604=PRODUCT_CATEGORY('','');
#2605=PRODUCT_CONTEXT('',#2607,'mechanical');
#2606=APPLICATION_PROTOCOL_DEFINITION('international standard',
'ap242_managed_model_based_3d_engineering',2020,#2607);
#2607=APPLICATION_CONTEXT('managed model based 3d engineering');
ENDSEC;
END-ISO-10303-21;
